chart_a,chart_b,shared,category,explicit_shared_components,mixed_terms
AEF,AEH,AE,stress,match,not_defined_in_source
AEF,AEI,AE,stress,match,not_defined_in_source
AEF,AEM,AE,stress,match,not_defined_in_source
AEF,AEP,AE,stress,match,not_defined_in_source
AEF,AER,AE,stress,match,not_defined_in_source
AEF,AES,AE,stress,match,not_defined_in_source
AEF,AET,AE,stress,match,not_defined_in_source
AEF,AEW,AE,stress,match,not_defined_in_source
AEF,AFH,AF,explicit,match,not_applicable
AEF,AFI,AF,explicit,match,not_applicable
AEF,AFM,AF,explicit,match,not_applicable
AEF,AFP,AF,explicit,match,not_applicable
AEF,AFR,AF,explicit,match,not_applicable
AEF,AFS,AF,explicit,match,not_applicable
AEF,AFT,AF,explicit,match,not_applicable
AEF,AFW,AF,explicit,match,not_applicable
AEF,EFH,EF,stress,match,not_defined_in_source
AEF,EFI,EF,stress,match,not_defined_in_source
AEF,EFM,EF,stress,match,not_defined_in_source
AEF,EFP,EF,stress,match,not_defined_in_source
AEF,EFR,EF,stress,match,not_defined_in_source
AEF,EFS,EF,stress,match,not_defined_in_source
AEF,EFT,EF,stress,match,not_defined_in_source
AEF,EFW,EF,stress,match,not_defined_in_source
AEH,AEI,AE,stress,match,not_defined_in_source
AEH,AEM,AE,stress,match,not_defined_in_source
AEH,AEP,AE,stress,match,not_defined_in_source
AEH,AER,AE,stress,match,not_defined_in_source
AEH,AES,AE,stress,match,not_defined_in_source
AEH,AET,AE,stress,match,not_defined_in_source
AEH,AEW,AE,stress,match,not_defined_in_source
AEH,AFH,AH,explicit,match,not_applicable
AEH,AHI,AH,explicit,match,not_applicable
AEH,AHM,AH,explicit,match,not_applicable
AEH,AHP,AH,explicit,match,not_applicable
AEH,AHR,AH,explicit,match,not_applicable
AEH,AHS,AH,explicit,match,not_applicable
AEH,AHT,AH,explicit,match,not_applicable
AEH,AHW,AH,explicit,match,not_applicable
AEH,EFH,EH,stress,match,not_defined_in_source
AEH,EHI,EH,stress,match,not_defined_in_source
AEH,EHM,EH,stress,match,not_defined_in_source
AEH,EHP,EH,stress,match,not_defined_in_source
AEH,EHR,EH,stress,match,not_defined_in_source
AEH,EHS,EH,stress,match,not_defined_in_source
AEH,EHT,EH,stress,match,not_defined_in_source
AEH,EHW,EH,stress,match,not_defined_in_source
AEI,AEM,AE,stress,match,not_defined_in_source
AEI,AEP,AE,stress,match,not_defined_in_source
AEI,AER,AE,stress,match,not_defined_in_source
AEI,AES,AE,stress,match,not_defined_in_source
AEI,AET,AE,stress,match,not_defined_in_source
AEI,AEW,AE,stress,match,not_defined_in_source
AEI,AFI,AI,explicit,match,not_applicable
AEI,AHI,AI,explicit,match,not_applicable
AEI,AIM,AI,explicit,match,not_applicable
AEI,AIP,AI,explicit,match,not_applicable
AEI,AIR,AI,explicit,match,not_applicable
AEI,AIS,AI,explicit,match,not_applicable
AEI,AIT,AI,explicit,match,not_applicable
AEI,AIW,AI,explicit,match,not_applicable
AEI,EFI,EI,stress,match,not_defined_in_source
AEI,EHI,EI,stress,match,not_defined_in_source
AEI,EIM,EI,stress,match,not_defined_in_source
AEI,EIP,EI,stress,match,not_defined_in_source
AEI,EIR,EI,stress,match,not_defined_in_source
AEI,EIS,EI,stress,match,not_defined_in_source
AEI,EIT,EI,stress,match,not_defined_in_source
AEI,EIW,EI,stress,match,not_defined_in_source
AEM,AEP,AE,stress,match,not_defined_in_source
AEM,AER,AE,stress,match,not_defined_in_source
AEM,AES,AE,stress,match,not_defined_in_source
AEM,AET,AE,stress,match,not_defined_in_source
AEM,AEW,AE,stress,match,not_defined_in_source
AEM,AFM,AM,current,match,not_defined_in_source
AEM,AHM,AM,current,match,not_defined_in_source
AEM,AIM,AM,current,match,not_defined_in_source
AEM,AMP,AM,current,match,not_defined_in_source
AEM,AMR,AM,current,match,not_defined_in_source
AEM,AMS,AM,current,match,not_defined_in_source
AEM,AMT,AM,current,match,not_defined_in_source
AEM,AMW,AM,current,match,not_defined_in_source
AEM,EFM,EM,stress_and_current,match,not_defined_in_source
AEM,EHM,EM,stress_and_current,match,not_defined_in_source
AEM,EIM,EM,stress_and_current,match,not_defined_in_source
AEM,EMP,EM,stress_and_current,match,not_defined_in_source
AEM,EMR,EM,stress_and_current,match,not_defined_in_source
AEM,EMS,EM,stress_and_current,match,not_defined_in_source
AEM,EMT,EM,stress_and_current,match,not_defined_in_source
AEM,EMW,EM,stress_and_current,match,not_defined_in_source
AEP,AER,AE,stress,match,not_defined_in_source
AEP,AES,AE,stress,match,not_defined_in_source
AEP,AET,AE,stress,match,not_defined_in_source
AEP,AEW,AE,stress,match,not_defined_in_source
AEP,AFP,AP,explicit,match,not_applicable
AEP,AHP,AP,explicit,match,not_applicable
AEP,AIP,AP,explicit,match,not_applicable
AEP,AMP,AP,explicit,match,not_applicable
AEP,APR,AP,explicit,match,not_applicable
AEP,APS,AP,explicit,match,not_applicable
AEP,APT,AP,explicit,match,not_applicable
AEP,APW,AP,explicit,match,not_applicable
AEP,EFP,EP,stress,match,not_defined_in_source
AEP,EHP,EP,stress,match,not_defined_in_source
AEP,EIP,EP,stress,match,not_defined_in_source
AEP,EMP,EP,stress,match,not_defined_in_source
AEP,EPR,EP,stress,match,not_defined_in_source
AEP,EPS,EP,stress,match,not_defined_in_source
AEP,EPT,EP,stress,match,not_defined_in_source
AEP,EPW,EP,stress,match,not_defined_in_source
AER,AES,AE,stress,match,not_defined_in_source
AER,AET,AE,stress,match,not_defined_in_source
AER,AEW,AE,stress,match,not_defined_in_source
AER,AFR,AR,explicit,match,not_applicable
AER,AHR,AR,explicit,match,not_applicable
AER,AIR,AR,explicit,match,not_applicable
AER,AMR,AR,explicit,match,not_applicable
AER,APR,AR,explicit,match,not_applicable
AER,ARS,AR,explicit,match,not_applicable
AER,ART,AR,explicit,match,not_applicable
AER,ARW,AR,explicit,match,not_applicable
AER,EFR,ER,stress,match,not_defined_in_source
AER,EHR,ER,stress,match,not_defined_in_source
AER,EIR,ER,stress,match,not_defined_in_source
AER,EMR,ER,stress,match,not_defined_in_source
AER,EPR,ER,stress,match,not_defined_in_source
AER,ERS,ER,stress,match,not_defined_in_source
AER,ERT,ER,stress,match,not_defined_in_source
AER,ERW,ER,stress,match,not_defined_in_source
AES,AET,AE,stress,match,not_defined_in_source
AES,AEW,AE,stress,match,not_defined_in_source
AES,AFS,AS,current,match,not_defined_in_source
AES,AHS,AS,current,match,not_defined_in_source
AES,AIS,AS,current,match,not_defined_in_source
AES,AMS,AS,current,match,not_defined_in_source
AES,APS,AS,current,match,not_defined_in_source
AES,ARS,AS,current,match,not_defined_in_source
AES,AST,AS,current,match,not_defined_in_source
AES,ASW,AS,current,match,not_defined_in_source
AES,EFS,ES,stress_and_current,match,not_defined_in_source
AES,EHS,ES,stress_and_current,match,not_defined_in_source
AES,EIS,ES,stress_and_current,match,not_defined_in_source
AES,EMS,ES,stress_and_current,match,not_defined_in_source
AES,EPS,ES,stress_and_current,match,not_defined_in_source
AES,ERS,ES,stress_and_current,match,not_defined_in_source
AES,EST,ES,stress_and_current,match,not_defined_in_source
AES,ESW,ES,stress_and_current,match,not_defined_in_source
AET,AEW,AE,stress,match,not_defined_in_source
AET,AFT,AT,explicit,match,not_applicable
AET,AHT,AT,explicit,match,not_applicable
AET,AIT,AT,explicit,match,not_applicable
AET,AMT,AT,explicit,match,not_applicable
AET,APT,AT,explicit,match,not_applicable
AET,ART,AT,explicit,match,not_applicable
AET,AST,AT,explicit,match,not_applicable
AET,ATW,AT,explicit,match,not_applicable
AET,EFT,ET,stress,match,not_defined_in_source
AET,EHT,ET,stress,match,not_defined_in_source
AET,EIT,ET,stress,match,not_defined_in_source
AET,EMT,ET,stress,match,not_defined_in_source
AET,EPT,ET,stress,match,not_defined_in_source
AET,ERT,ET,stress,match,not_defined_in_source
AET,EST,ET,stress,match,not_defined_in_source
AET,ETW,ET,stress,match,not_defined_in_source
AEW,AFW,AW,explicit,match,not_applicable
AEW,AHW,AW,explicit,match,not_applicable
AEW,AIW,AW,explicit,match,not_applicable
AEW,AMW,AW,explicit,match,not_applicable
AEW,APW,AW,explicit,match,not_applicable
AEW,ARW,AW,explicit,match,not_applicable
AEW,ASW,AW,explicit,match,not_applicable
AEW,ATW,AW,explicit,match,not_applicable
AEW,EFW,EW,stress,match,not_defined_in_source
AEW,EHW,EW,stress,match,not_defined_in_source
AEW,EIW,EW,stress,match,not_defined_in_source
AEW,EMW,EW,stress,match,not_defined_in_source
AEW,EPW,EW,stress,match,not_defined_in_source
AEW,ERW,EW,stress,match,not_defined_in_source
AEW,ESW,EW,stress,match,not_defined_in_source
AEW,ETW,EW,stress,match,not_defined_in_source
AFH,AFI,AF,explicit,match,not_applicable
AFH,AFM,AF,explicit,match,not_applicable
AFH,AFP,AF,explicit,match,not_applicable
AFH,AFR,AF,explicit,match,not_applicable
AFH,AFS,AF,explicit,match,not_applicable
AFH,AFT,AF,explicit,match,not_applicable
AFH,AFW,AF,explicit,match,not_applicable
AFH,AHI,AH,explicit,match,not_applicable
AFH,AHM,AH,explicit,match,not_applicable
AFH,AHP,AH,explicit,match,not_applicable
AFH,AHR,AH,explicit,match,not_applicable
AFH,AHS,AH,explicit,match,not_applicable
AFH,AHT,AH,explicit,match,not_applicable
AFH,AHW,AH,explicit,match,not_applicable
AFH,EFH,FH,explicit,match,not_applicable
AFH,FHI,FH,explicit,match,not_applicable
AFH,FHM,FH,explicit,match,not_applicable
AFH,FHP,FH,explicit,match,not_applicable
AFH,FHR,FH,explicit,match,not_applicable
AFH,FHS,FH,explicit,match,not_applicable
AFH,FHT,FH,explicit,match,not_applicable
AFH,FHW,FH,explicit,match,not_applicable
AFI,AFM,AF,explicit,match,not_applicable
AFI,AFP,AF,explicit,match,not_applicable
AFI,AFR,AF,explicit,match,not_applicable
AFI,AFS,AF,explicit,match,not_applicable
AFI,AFT,AF,explicit,match,not_applicable
AFI,AFW,AF,explicit,match,not_applicable
AFI,AHI,AI,explicit,match,not_applicable
AFI,AIM,AI,explicit,match,not_applicable
AFI,AIP,AI,explicit,match,not_applicable
AFI,AIR,AI,explicit,match,not_applicable
AFI,AIS,AI,explicit,match,not_applicable
AFI,AIT,AI,explicit,match,not_applicable
AFI,AIW,AI,explicit,match,not_applicable
AFI,EFI,FI,explicit,match,not_applicable
AFI,FHI,FI,explicit,match,not_applicable
AFI,FIM,FI,explicit,match,not_applicable
AFI,FIP,FI,explicit,match,not_applicable
AFI,FIR,FI,explicit,match,not_applicable
AFI,FIS,FI,explicit,match,not_applicable
AFI,FIT,FI,explicit,match,not_applicable
AFI,FIW,FI,explicit,match,not_applicable
AFM,AFP,AF,explicit,match,not_applicable
AFM,AFR,AF,explicit,match,not_applicable
AFM,AFS,AF,explicit,match,not_applicable
AFM,AFT,AF,explicit,match,not_applicable
AFM,AFW,AF,explicit,match,not_applicable
AFM,AHM,AM,current,match,not_defined_in_source
AFM,AIM,AM,current,match,not_defined_in_source
AFM,AMP,AM,current,match,not_defined_in_source
AFM,AMR,AM,current,match,not_defined_in_source
AFM,AMS,AM,current,match,not_defined_in_source
AFM,AMT,AM,current,match,not_defined_in_source
AFM,AMW,AM,current,match,not_defined_in_source
AFM,EFM,FM,current,match,not_defined_in_source
AFM,FHM,FM,current,match,not_defined_in_source
AFM,FIM,FM,current,match,not_defined_in_source
AFM,FMP,FM,current,match,not_defined_in_source
AFM,FMR,FM,current,match,not_defined_in_source
AFM,FMS,FM,current,match,not_defined_in_source
AFM,FMT,FM,current,match,not_defined_in_source
AFM,FMW,FM,current,match,not_defined_in_source
AFP,AFR,AF,explicit,match,not_applicable
AFP,AFS,AF,explicit,match,not_applicable
AFP,AFT,AF,explicit,match,not_applicable
AFP,AFW,AF,explicit,match,not_applicable
AFP,AHP,AP,explicit,match,not_applicable
AFP,AIP,AP,explicit,match,not_applicable
AFP,AMP,AP,explicit,match,not_applicable
AFP,APR,AP,explicit,match,not_applicable
AFP,APS,AP,explicit,match,not_applicable
AFP,APT,AP,explicit,match,not_applicable
AFP,APW,AP,explicit,match,not_applicable
AFP,EFP,FP,explicit,match,not_applicable
AFP,FHP,FP,explicit,match,not_applicable
AFP,FIP,FP,explicit,match,not_applicable
AFP,FMP,FP,explicit,match,not_applicable
AFP,FPR,FP,explicit,match,not_applicable
AFP,FPS,FP,explicit,match,not_applicable
AFP,FPT,FP,explicit,match,not_applicable
AFP,FPW,FP,explicit,match,not_applicable
AFR,AFS,AF,explicit,match,not_applicable
AFR,AFT,AF,explicit,match,not_applicable
AFR,AFW,AF,explicit,match,not_applicable
AFR,AHR,AR,explicit,match,not_applicable
AFR,AIR,AR,explicit,match,not_applicable
AFR,AMR,AR,explicit,match,not_applicable
AFR,APR,AR,explicit,match,not_applicable
AFR,ARS,AR,explicit,match,not_applicable
AFR,ART,AR,explicit,match,not_applicable
AFR,ARW,AR,explicit,match,not_applicable
AFR,EFR,FR,explicit,match,not_applicable
AFR,FHR,FR,explicit,match,not_applicable
AFR,FIR,FR,explicit,match,not_applicable
AFR,FMR,FR,explicit,match,not_applicable
AFR,FPR,FR,explicit,match,not_applicable
AFR,FRS,FR,explicit,match,not_applicable
AFR,FRT,FR,explicit,match,not_applicable
AFR,FRW,FR,explicit,match,not_applicable
AFS,AFT,AF,explicit,match,not_applicable
AFS,AFW,AF,explicit,match,not_applicable
AFS,AHS,AS,current,match,not_defined_in_source
AFS,AIS,AS,current,match,not_defined_in_source
AFS,AMS,AS,current,match,not_defined_in_source
AFS,APS,AS,current,match,not_defined_in_source
AFS,ARS,AS,current,match,not_defined_in_source
AFS,AST,AS,current,match,not_defined_in_source
AFS,ASW,AS,current,match,not_defined_in_source
AFS,EFS,FS,current,match,not_defined_in_source
AFS,FHS,FS,current,match,not_defined_in_source
AFS,FIS,FS,current,match,not_defined_in_source
AFS,FMS,FS,current,match,not_defined_in_source
AFS,FPS,FS,current,match,not_defined_in_source
AFS,FRS,FS,current,match,not_defined_in_source
AFS,FST,FS,current,match,not_defined_in_source
AFS,FSW,FS,current,match,not_defined_in_source
AFT,AFW,AF,explicit,match,not_applicable
AFT,AHT,AT,explicit,match,not_applicable
AFT,AIT,AT,explicit,match,not_applicable
AFT,AMT,AT,explicit,match,not_applicable
AFT,APT,AT,explicit,match,not_applicable
AFT,ART,AT,explicit,match,not_applicable
AFT,AST,AT,explicit,match,not_applicable
AFT,ATW,AT,explicit,match,not_applicable
AFT,EFT,FT,explicit,match,not_applicable
AFT,FHT,FT,explicit,match,not_applicable
AFT,FIT,FT,explicit,match,not_applicable
AFT,FMT,FT,explicit,match,not_applicable
AFT,FPT,FT,explicit,match,not_applicable
AFT,FRT,FT,explicit,match,not_applicable
AFT,FST,FT,explicit,match,not_applicable
AFT,FTW,FT,explicit,match,not_applicable
AFW,AHW,AW,explicit,match,not_applicable
AFW,AIW,AW,explicit,match,not_applicable
AFW,AMW,AW,explicit,match,not_applicable
AFW,APW,AW,explicit,match,not_applicable
AFW,ARW,AW,explicit,match,not_applicable
AFW,ASW,AW,explicit,match,not_applicable
AFW,ATW,AW,explicit,match,not_applicable
AFW,EFW,FW,explicit,match,not_applicable
AFW,FHW,FW,explicit,match,not_applicable
AFW,FIW,FW,explicit,match,not_applicable
AFW,FMW,FW,explicit,match,not_applicable
AFW,FPW,FW,explicit,match,not_applicable
AFW,FRW,FW,explicit,match,not_applicable
AFW,FSW,FW,explicit,match,not_applicable
AFW,FTW,FW,explicit,match,not_applicable
AHI,AHM,AH,explicit,match,not_applicable
AHI,AHP,AH,explicit,match,not_applicable
AHI,AHR,AH,explicit,match,not_applicable
AHI,AHS,AH,explicit,match,not_applicable
AHI,AHT,AH,explicit,match,not_applicable
AHI,AHW,AH,explicit,match,not_applicable
AHI,AIM,AI,explicit,match,not_applicable
AHI,AIP,AI,explicit,match,not_applicable
AHI,AIR,AI,explicit,match,not_applicable
AHI,AIS,AI,explicit,match,not_applicable
AHI,AIT,AI,explicit,match,not_applicable
AHI,AIW,AI,explicit,match,not_applicable
AHI,EHI,HI,explicit,match,not_applicable
AHI,FHI,HI,explicit,match,not_applicable
AHI,HIM,HI,explicit,match,not_applicable
AHI,HIP,HI,explicit,match,not_applicable
AHI,HIR,HI,explicit,match,not_applicable
AHI,HIS,HI,explicit,match,not_applicable
AHI,HIT,HI,explicit,match,not_applicable
AHI,HIW,HI,explicit,match,not_applicable
AHM,AHP,AH,explicit,match,not_applicable
AHM,AHR,AH,explicit,match,not_applicable
AHM,AHS,AH,explicit,match,not_applicable
AHM,AHT,AH,explicit,match,not_applicable
AHM,AHW,AH,explicit,match,not_applicable
AHM,AIM,AM,current,match,not_defined_in_source
AHM,AMP,AM,current,match,not_defined_in_source
AHM,AMR,AM,current,match,not_defined_in_source
AHM,AMS,AM,current,match,not_defined_in_source
AHM,AMT,AM,current,match,not_defined_in_source
AHM,AMW,AM,current,match,not_defined_in_source
AHM,EHM,HM,current,match,not_defined_in_source
AHM,FHM,HM,current,match,not_defined_in_source
AHM,HIM,HM,current,match,not_defined_in_source
AHM,HMP,HM,current,match,not_defined_in_source
AHM,HMR,HM,current,match,not_defined_in_source
AHM,HMS,HM,current,match,not_defined_in_source
AHM,HMT,HM,current,match,not_defined_in_source
AHM,HMW,HM,current,match,not_defined_in_source
AHP,AHR,AH,explicit,match,not_applicable
AHP,AHS,AH,explicit,match,not_applicable
AHP,AHT,AH,explicit,match,not_applicable
AHP,AHW,AH,explicit,match,not_applicable
AHP,AIP,AP,explicit,match,not_applicable
AHP,AMP,AP,explicit,match,not_applicable
AHP,APR,AP,explicit,match,not_applicable
AHP,APS,AP,explicit,match,not_applicable
AHP,APT,AP,explicit,match,not_applicable
AHP,APW,AP,explicit,match,not_applicable
AHP,EHP,HP,explicit,match,not_applicable
AHP,FHP,HP,explicit,match,not_applicable
AHP,HIP,HP,explicit,match,not_applicable
AHP,HMP,HP,explicit,match,not_applicable
AHP,HPR,HP,explicit,match,not_applicable
AHP,HPS,HP,explicit,match,not_applicable
AHP,HPT,HP,explicit,match,not_applicable
AHP,HPW,HP,explicit,match,not_applicable
AHR,AHS,AH,explicit,match,not_applicable
AHR,AHT,AH,explicit,match,not_applicable
AHR,AHW,AH,explicit,match,not_applicable
AHR,AIR,AR,explicit,match,not_applicable
AHR,AMR,AR,explicit,match,not_applicable
AHR,APR,AR,explicit,match,not_applicable
AHR,ARS,AR,explicit,match,not_applicable
AHR,ART,AR,explicit,match,not_applicable
AHR,ARW,AR,explicit,match,not_applicable
AHR,EHR,HR,explicit,match,not_applicable
AHR,FHR,HR,explicit,match,not_applicable
AHR,HIR,HR,explicit,match,not_applicable
AHR,HMR,HR,explicit,match,not_applicable
AHR,HPR,HR,explicit,match,not_applicable
AHR,HRS,HR,explicit,match,not_applicable
AHR,HRT,HR,explicit,match,not_applicable
AHR,HRW,HR,explicit,match,not_applicable
AHS,AHT,AH,explicit,match,not_applicable
AHS,AHW,AH,explicit,match,not_applicable
AHS,AIS,AS,current,match,not_defined_in_source
AHS,AMS,AS,current,match,not_defined_in_source
AHS,APS,AS,current,match,not_defined_in_source
AHS,ARS,AS,current,match,not_defined_in_source
AHS,AST,AS,current,match,not_defined_in_source
AHS,ASW,AS,current,match,not_defined_in_source
AHS,EHS,HS,current,match,not_defined_in_source
AHS,FHS,HS,current,match,not_defined_in_source
AHS,HIS,HS,current,match,not_defined_in_source
AHS,HMS,HS,current,match,not_defined_in_source
AHS,HPS,HS,current,match,not_defined_in_source
AHS,HRS,HS,current,match,not_defined_in_source
AHS,HST,HS,current,match,not_defined_in_source
AHS,HSW,HS,current,match,not_defined_in_source
AHT,AHW,AH,explicit,match,not_applicable
AHT,AIT,AT,explicit,match,not_applicable
AHT,AMT,AT,explicit,match,not_applicable
AHT,APT,AT,explicit,match,not_applicable
AHT,ART,AT,explicit,match,not_applicable
AHT,AST,AT,explicit,match,not_applicable
AHT,ATW,AT,explicit,match,not_applicable
AHT,EHT,HT,explicit,match,not_applicable
AHT,FHT,HT,explicit,match,not_applicable
AHT,HIT,HT,explicit,match,not_applicable
AHT,HMT,HT,explicit,match,not_applicable
AHT,HPT,HT,explicit,match,not_applicable
AHT,HRT,HT,explicit,match,not_applicable
AHT,HST,HT,explicit,match,not_applicable
AHT,HTW,HT,explicit,match,not_applicable
AHW,AIW,AW,explicit,match,not_applicable
AHW,AMW,AW,explicit,match,not_applicable
AHW,APW,AW,explicit,match,not_applicable
AHW,ARW,AW,explicit,match,not_applicable
AHW,ASW,AW,explicit,match,not_applicable
AHW,ATW,AW,explicit,match,not_applicable
AHW,EHW,HW,explicit,match,not_applicable
AHW,FHW,HW,explicit,match,not_applicable
AHW,HIW,HW,explicit,match,not_applicable
AHW,HMW,HW,explicit,match,not_applicable
AHW,HPW,HW,explicit,match,not_applicable
AHW,HRW,HW,explicit,match,not_applicable
AHW,HSW,HW,explicit,match,not_applicable
AHW,HTW,HW,explicit,match,not_applicable
AIM,AIP,AI,explicit,match,not_applicable
AIM,AIR,AI,explicit,match,not_applicable
AIM,AIS,AI,explicit,match,not_applicable
AIM,AIT,AI,explicit,match,not_applicable
AIM,AIW,AI,explicit,match,not_applicable
AIM,AMP,AM,current,match,not_defined_in_source
AIM,AMR,AM,current,match,not_defined_in_source
AIM,AMS,AM,current,match,not_defined_in_source
AIM,AMT,AM,current,match,not_defined_in_source
AIM,AMW,AM,current,match,not_defined_in_source
AIM,EIM,IM,current,match,not_defined_in_source
AIM,FIM,IM,current,match,not_defined_in_source
AIM,HIM,IM,current,match,not_defined_in_source
AIM,IMP,IM,current,match,not_defined_in_source
AIM,IMR,IM,current,match,not_defined_in_source
AIM,IMS,IM,current,match,not_defined_in_source
AIM,IMT,IM,current,match,not_defined_in_source
AIM,IMW,IM,current,match,not_defined_in_source
AIP,AIR,AI,explicit,match,not_applicable
AIP,AIS,AI,explicit,match,not_applicable
AIP,AIT,AI,explicit,match,not_applicable
AIP,AIW,AI,explicit,match,not_applicable
AIP,AMP,AP,explicit,match,not_applicable
AIP,APR,AP,explicit,match,not_applicable
AIP,APS,AP,explicit,match,not_applicable
AIP,APT,AP,explicit,match,not_applicable
AIP,APW,AP,explicit,match,not_applicable
AIP,EIP,IP,explicit,match,not_applicable
AIP,FIP,IP,explicit,match,not_applicable
AIP,HIP,IP,explicit,match,not_applicable
AIP,IMP,IP,explicit,match,not_applicable
AIP,IPR,IP,explicit,match,not_applicable
AIP,IPS,IP,explicit,match,not_applicable
AIP,IPT,IP,explicit,match,not_applicable
AIP,IPW,IP,explicit,match,not_applicable
AIR,AIS,AI,explicit,match,not_applicable
AIR,AIT,AI,explicit,match,not_applicable
AIR,AIW,AI,explicit,match,not_applicable
AIR,AMR,AR,explicit,match,not_applicable
AIR,APR,AR,explicit,match,not_applicable
AIR,ARS,AR,explicit,match,not_applicable
AIR,ART,AR,explicit,match,not_applicable
AIR,ARW,AR,explicit,match,not_applicable
AIR,EIR,IR,explicit,match,not_applicable
AIR,FIR,IR,explicit,match,not_applicable
AIR,HIR,IR,explicit,match,not_applicable
AIR,IMR,IR,explicit,match,not_applicable
AIR,IPR,IR,explicit,match,not_applicable
AIR,IRS,IR,explicit,match,not_applicable
AIR,IRT,IR,explicit,match,not_applicable
AIR,IRW,IR,explicit,match,not_applicable
AIS,AIT,AI,explicit,match,not_applicable
AIS,AIW,AI,explicit,match,not_applicable
AIS,AMS,AS,current,match,not_defined_in_source
AIS,APS,AS,current,match,not_defined_in_source
AIS,ARS,AS,current,match,not_defined_in_source
AIS,AST,AS,current,match,not_defined_in_source
AIS,ASW,AS,current,match,not_defined_in_source
AIS,EIS,IS,current,match,not_defined_in_source
AIS,FIS,IS,current,match,not_defined_in_source
AIS,HIS,IS,current,match,not_defined_in_source
AIS,IMS,IS,current,match,not_defined_in_source
AIS,IPS,IS,current,match,not_defined_in_source
AIS,IRS,IS,current,match,not_defined_in_source
AIS,IST,IS,current,match,not_defined_in_source
AIS,ISW,IS,current,match,not_defined_in_source
AIT,AIW,AI,explicit,match,not_applicable
AIT,AMT,AT,explicit,match,not_applicable
AIT,APT,AT,explicit,match,not_applicable
AIT,ART,AT,explicit,match,not_applicable
AIT,AST,AT,explicit,match,not_applicable
AIT,ATW,AT,explicit,match,not_applicable
AIT,EIT,IT,explicit,match,not_applicable
AIT,FIT,IT,explicit,match,not_applicable
AIT,HIT,IT,explicit,match,not_applicable
AIT,IMT,IT,explicit,match,not_applicable
AIT,IPT,IT,explicit,match,not_applicable
AIT,IRT,IT,explicit,match,not_applicable
AIT,IST,IT,explicit,match,not_applicable
AIT,ITW,IT,explicit,match,not_applicable
AIW,AMW,AW,explicit,match,not_applicable
AIW,APW,AW,explicit,match,not_applicable
AIW,ARW,AW,explicit,match,not_applicable
AIW,ASW,AW,explicit,match,not_applicable
AIW,ATW,AW,explicit,match,not_applicable
AIW,EIW,IW,explicit,match,not_applicable
AIW,FIW,IW,explicit,match,not_applicable
AIW,HIW,IW,explicit,match,not_applicable
AIW,IMW,IW,explicit,match,not_applicable
AIW,IPW,IW,explicit,match,not_applicable
AIW,IRW,IW,explicit,match,not_applicable
AIW,ISW,IW,explicit,match,not_applicable
AIW,ITW,IW,explicit,match,not_applicable
AMP,AMR,AM,current,match,not_defined_in_source
AMP,AMS,AM,current,match,not_defined_in_source
AMP,AMT,AM,current,match,not_defined_in_source
AMP,AMW,AM,current,match,not_defined_in_source
AMP,APR,AP,explicit,match,not_applicable
AMP,APS,AP,explicit,match,not_applicable
AMP,APT,AP,explicit,match,not_applicable
AMP,APW,AP,explicit,match,not_applicable
AMP,EMP,MP,current,match,not_defined_in_source
AMP,FMP,MP,current,match,not_defined_in_source
AMP,HMP,MP,current,match,not_defined_in_source
AMP,IMP,MP,current,match,not_defined_in_source
AMP,MPR,MP,current,match,not_defined_in_source
AMP,MPS,MP,current,match,not_defined_in_source
AMP,MPT,MP,current,match,not_defined_in_source
AMP,MPW,MP,current,match,not_defined_in_source
AMR,AMS,AM,current,match,not_defined_in_source
AMR,AMT,AM,current,match,not_defined_in_source
AMR,AMW,AM,current,match,not_defined_in_source
AMR,APR,AR,explicit,match,not_applicable
AMR,ARS,AR,explicit,match,not_applicable
AMR,ART,AR,explicit,match,not_applicable
AMR,ARW,AR,explicit,match,not_applicable
AMR,EMR,MR,current,match,not_defined_in_source
AMR,FMR,MR,current,match,not_defined_in_source
AMR,HMR,MR,current,match,not_defined_in_source
AMR,IMR,MR,current,match,not_defined_in_source
AMR,MPR,MR,current,match,not_defined_in_source
AMR,MRS,MR,current,match,not_defined_in_source
AMR,MRT,MR,current,match,not_defined_in_source
AMR,MRW,MR,current,match,not_defined_in_source
AMS,AMT,AM,current,match,not_defined_in_source
AMS,AMW,AM,current,match,not_defined_in_source
AMS,APS,AS,current,match,not_defined_in_source
AMS,ARS,AS,current,match,not_defined_in_source
AMS,AST,AS,current,match,not_defined_in_source
AMS,ASW,AS,current,match,not_defined_in_source
AMS,EMS,MS,current,match,not_defined_in_source
AMS,FMS,MS,current,match,not_defined_in_source
AMS,HMS,MS,current,match,not_defined_in_source
AMS,IMS,MS,current,match,not_defined_in_source
AMS,MPS,MS,current,match,not_defined_in_source
AMS,MRS,MS,current,match,not_defined_in_source
AMS,MST,MS,current,match,not_defined_in_source
AMS,MSW,MS,current,match,not_defined_in_source
AMT,AMW,AM,current,match,not_defined_in_source
AMT,APT,AT,explicit,match,not_applicable
AMT,ART,AT,explicit,match,not_applicable
AMT,AST,AT,explicit,match,not_applicable
AMT,ATW,AT,explicit,match,not_applicable
AMT,EMT,MT,current,match,not_defined_in_source
AMT,FMT,MT,current,match,not_defined_in_source
AMT,HMT,MT,current,match,not_defined_in_source
AMT,IMT,MT,current,match,not_defined_in_source
AMT,MPT,MT,current,match,not_defined_in_source
AMT,MRT,MT,current,match,not_defined_in_source
AMT,MST,MT,current,match,not_defined_in_source
AMT,MTW,MT,current,match,not_defined_in_source
AMW,APW,AW,explicit,match,not_applicable
AMW,ARW,AW,explicit,match,not_applicable
AMW,ASW,AW,explicit,match,not_applicable
AMW,ATW,AW,explicit,match,not_applicable
AMW,EMW,MW,current,match,not_defined_in_source
AMW,FMW,MW,current,match,not_defined_in_source
AMW,HMW,MW,current,match,not_defined_in_source
AMW,IMW,MW,current,match,not_defined_in_source
AMW,MPW,MW,current,match,not_defined_in_source
AMW,MRW,MW,current,match,not_defined_in_source
AMW,MSW,MW,current,match,not_defined_in_source
AMW,MTW,MW,current,match,not_defined_in_source
APR,APS,AP,explicit,match,not_applicable
APR,APT,AP,explicit,match,not_applicable
APR,APW,AP,explicit,match,not_applicable
APR,ARS,AR,explicit,match,not_applicable
APR,ART,AR,explicit,match,not_applicable
APR,ARW,AR,explicit,match,not_applicable
APR,EPR,PR,explicit,match,not_applicable
APR,FPR,PR,explicit,match,not_applicable
APR,HPR,PR,explicit,match,not_applicable
APR,IPR,PR,explicit,match,not_applicable
APR,MPR,PR,explicit,match,not_applicable
APR,PRS,PR,explicit,match,not_applicable
APR,PRT,PR,explicit,match,not_applicable
APR,PRW,PR,explicit,match,not_applicable
APS,APT,AP,explicit,match,not_applicable
APS,APW,AP,explicit,match,not_applicable
APS,ARS,AS,current,match,not_defined_in_source
APS,AST,AS,current,match,not_defined_in_source
APS,ASW,AS,current,match,not_defined_in_source
APS,EPS,PS,current,match,not_defined_in_source
APS,FPS,PS,current,match,not_defined_in_source
APS,HPS,PS,current,match,not_defined_in_source
APS,IPS,PS,current,match,not_defined_in_source
APS,MPS,PS,current,match,not_defined_in_source
APS,PRS,PS,current,match,not_defined_in_source
APS,PST,PS,current,match,not_defined_in_source
APS,PSW,PS,current,match,not_defined_in_source
APT,APW,AP,explicit,match,not_applicable
APT,ART,AT,explicit,match,not_applicable
APT,AST,AT,explicit,match,not_applicable
APT,ATW,AT,explicit,match,not_applicable
APT,EPT,PT,explicit,match,not_applicable
APT,FPT,PT,explicit,match,not_applicable
APT,HPT,PT,explicit,match,not_applicable
APT,IPT,PT,explicit,match,not_applicable
APT,MPT,PT,explicit,match,not_applicable
APT,PRT,PT,explicit,match,not_applicable
APT,PST,PT,explicit,match,not_applicable
APT,PTW,PT,explicit,match,not_applicable
APW,ARW,AW,explicit,match,not_applicable
APW,ASW,AW,explicit,match,not_applicable
APW,ATW,AW,explicit,match,not_applicable
APW,EPW,PW,explicit,match,not_applicable
APW,FPW,PW,explicit,match,not_applicable
APW,HPW,PW,explicit,match,not_applicable
APW,IPW,PW,explicit,match,not_applicable
APW,MPW,PW,explicit,match,not_applicable
APW,PRW,PW,explicit,match,not_applicable
APW,PSW,PW,explicit,match,not_applicable
APW,PTW,PW,explicit,match,not_applicable
ARS,ART,AR,explicit,match,not_applicable
ARS,ARW,AR,explicit,match,not_applicable
ARS,AST,AS,current,match,not_defined_in_source
ARS,ASW,AS,current,match,not_defined_in_source
ARS,ERS,RS,current,match,not_defined_in_source
ARS,FRS,RS,current,match,not_defined_in_source
ARS,HRS,RS,current,match,not_defined_in_source
ARS,IRS,RS,current,match,not_defined_in_source
ARS,MRS,RS,current,match,not_defined_in_source
ARS,PRS,RS,current,match,not_defined_in_source
ARS,RST,RS,current,match,not_defined_in_source
ARS,RSW,RS,current,match,not_defined_in_source
ART,ARW,AR,explicit,match,not_applicable
ART,AST,AT,explicit,match,not_applicable
ART,ATW,AT,explicit,match,not_applicable
ART,ERT,RT,explicit,match,not_applicable
ART,FRT,RT,explicit,match,not_applicable
ART,HRT,RT,explicit,match,not_applicable
ART,IRT,RT,explicit,match,not_applicable
ART,MRT,RT,explicit,match,not_applicable
ART,PRT,RT,explicit,match,not_applicable
ART,RST,RT,explicit,match,not_applicable
ART,RTW,RT,explicit,match,not_applicable
ARW,ASW,AW,explicit,match,not_applicable
ARW,ATW,AW,explicit,match,not_applicable
ARW,ERW,RW,explicit,match,not_applicable
ARW,FRW,RW,explicit,match,not_applicable
ARW,HRW,RW,explicit,match,not_applicable
ARW,IRW,RW,explicit,match,not_applicable
ARW,MRW,RW,explicit,match,not_applicable
ARW,PRW,RW,explicit,match,not_applicable
ARW,RSW,RW,explicit,match,not_applicable
ARW,RTW,RW,explicit,match,not_applicable
AST,ASW,AS,current,match,not_defined_in_source
AST,ATW,AT,explicit,match,not_applicable
AST,EST,ST,current,match,not_defined_in_source
AST,FST,ST,current,match,not_defined_in_source
AST,HST,ST,current,match,not_defined_in_source
AST,IST,ST,current,match,not_defined_in_source
AST,MST,ST,current,match,not_defined_in_source
AST,PST,ST,current,match,not_defined_in_source
AST,RST,ST,current,match,not_defined_in_source
AST,STW,ST,current,match,not_defined_in_source
ASW,ATW,AW,explicit,match,not_applicable
ASW,ESW,SW,current,match,not_defined_in_source
ASW,FSW,SW,current,match,not_defined_in_source
ASW,HSW,SW,current,match,not_defined_in_source
ASW,ISW,SW,current,match,not_defined_in_source
ASW,MSW,SW,current,match,not_defined_in_source
ASW,PSW,SW,current,match,not_defined_in_source
ASW,RSW,SW,current,match,not_defined_in_source
ASW,STW,SW,current,match,not_defined_in_source
ATW,ETW,TW,explicit,match,not_applicable
ATW,FTW,TW,explicit,match,not_applicable
ATW,HTW,TW,explicit,match,not_applicable
ATW,ITW,TW,explicit,match,not_applicable
ATW,MTW,TW,explicit,match,not_applicable
ATW,PTW,TW,explicit,match,not_applicable
ATW,RTW,TW,explicit,match,not_applicable
ATW,STW,TW,explicit,match,not_applicable
EFH,EFI,EF,stress,match,not_defined_in_source
EFH,EFM,EF,stress,match,not_defined_in_source
EFH,EFP,EF,stress,match,not_defined_in_source
EFH,EFR,EF,stress,match,not_defined_in_source
EFH,EFS,EF,stress,match,not_defined_in_source
EFH,EFT,EF,stress,match,not_defined_in_source
EFH,EFW,EF,stress,match,not_defined_in_source
EFH,EHI,EH,stress,match,not_defined_in_source
EFH,EHM,EH,stress,match,not_defined_in_source
EFH,EHP,EH,stress,match,not_defined_in_source
EFH,EHR,EH,stress,match,not_defined_in_source
EFH,EHS,EH,stress,match,not_defined_in_source
EFH,EHT,EH,stress,match,not_defined_in_source
EFH,EHW,EH,stress,match,not_defined_in_source
EFH,FHI,FH,explicit,match,not_applicable
EFH,FHM,FH,explicit,match,not_applicable
EFH,FHP,FH,explicit,match,not_applicable
EFH,FHR,FH,explicit,match,not_applicable
EFH,FHS,FH,explicit,match,not_applicable
EFH,FHT,FH,explicit,match,not_applicable
EFH,FHW,FH,explicit,match,not_applicable
EFI,EFM,EF,stress,match,not_defined_in_source
EFI,EFP,EF,stress,match,not_defined_in_source
EFI,EFR,EF,stress,match,not_defined_in_source
EFI,EFS,EF,stress,match,not_defined_in_source
EFI,EFT,EF,stress,match,not_defined_in_source
EFI,EFW,EF,stress,match,not_defined_in_source
EFI,EHI,EI,stress,match,not_defined_in_source
EFI,EIM,EI,stress,match,not_defined_in_source
EFI,EIP,EI,stress,match,not_defined_in_source
EFI,EIR,EI,stress,match,not_defined_in_source
EFI,EIS,EI,stress,match,not_defined_in_source
EFI,EIT,EI,stress,match,not_defined_in_source
EFI,EIW,EI,stress,match,not_defined_in_source
EFI,FHI,FI,explicit,match,not_applicable
EFI,FIM,FI,explicit,match,not_applicable
EFI,FIP,FI,explicit,match,not_applicable
EFI,FIR,FI,explicit,match,not_applicable
EFI,FIS,FI,explicit,match,not_applicable
EFI,FIT,FI,explicit,match,not_applicable
EFI,FIW,FI,explicit,match,not_applicable
EFM,EFP,EF,stress,match,not_defined_in_source
EFM,EFR,EF,stress,match,not_defined_in_source
EFM,EFS,EF,stress,match,not_defined_in_source
EFM,EFT,EF,stress,match,not_defined_in_source
EFM,EFW,EF,stress,match,not_defined_in_source
EFM,EHM,EM,stress_and_current,match,not_defined_in_source
EFM,EIM,EM,stress_and_current,match,not_defined_in_source
EFM,EMP,EM,stress_and_current,match,not_defined_in_source
EFM,EMR,EM,stress_and_current,match,not_defined_in_source
EFM,EMS,EM,stress_and_current,match,not_defined_in_source
EFM,EMT,EM,stress_and_current,match,not_defined_in_source
EFM,EMW,EM,stress_and_current,match,not_defined_in_source
EFM,FHM,FM,current,match,not_defined_in_source
EFM,FIM,FM,current,match,not_defined_in_source
EFM,FMP,FM,current,match,not_defined_in_source
EFM,FMR,FM,current,match,not_defined_in_source
EFM,FMS,FM,current,match,not_defined_in_source
EFM,FMT,FM,current,match,not_defined_in_source
EFM,FMW,FM,current,match,not_defined_in_source
EFP,EFR,EF,stress,match,not_defined_in_source
EFP,EFS,EF,stress,match,not_defined_in_source
EFP,EFT,EF,stress,match,not_defined_in_source
EFP,EFW,EF,stress,match,not_defined_in_source
EFP,EHP,EP,stress,match,not_defined_in_source
EFP,EIP,EP,stress,match,not_defined_in_source
EFP,EMP,EP,stress,match,not_defined_in_source
EFP,EPR,EP,stress,match,not_defined_in_source
EFP,EPS,EP,stress,match,not_defined_in_source
EFP,EPT,EP,stress,match,not_defined_in_source
EFP,EPW,EP,stress,match,not_defined_in_source
EFP,FHP,FP,explicit,match,not_applicable
EFP,FIP,FP,explicit,match,not_applicable
EFP,FMP,FP,explicit,match,not_applicable
EFP,FPR,FP,explicit,match,not_applicable
EFP,FPS,FP,explicit,match,not_applicable
EFP,FPT,FP,explicit,match,not_applicable
EFP,FPW,FP,explicit,match,not_applicable
EFR,EFS,EF,stress,match,not_defined_in_source
EFR,EFT,EF,stress,match,not_defined_in_source
EFR,EFW,EF,stress,match,not_defined_in_source
EFR,EHR,ER,stress,match,not_defined_in_source
EFR,EIR,ER,stress,match,not_defined_in_source
EFR,EMR,ER,stress,match,not_defined_in_source
EFR,EPR,ER,stress,match,not_defined_in_source
EFR,ERS,ER,stress,match,not_defined_in_source
EFR,ERT,ER,stress,match,not_defined_in_source
EFR,ERW,ER,stress,match,not_defined_in_source
EFR,FHR,FR,explicit,match,not_applicable
EFR,FIR,FR,explicit,match,not_applicable
EFR,FMR,FR,explicit,match,not_applicable
EFR,FPR,FR,explicit,match,not_applicable
EFR,FRS,FR,explicit,match,not_applicable
EFR,FRT,FR,explicit,match,not_applicable
EFR,FRW,FR,explicit,match,not_applicable
EFS,EFT,EF,stress,match,not_defined_in_source
EFS,EFW,EF,stress,match,not_defined_in_source
EFS,EHS,ES,stress_and_current,match,not_defined_in_source
EFS,EIS,ES,stress_and_current,match,not_defined_in_source
EFS,EMS,ES,stress_and_current,match,not_defined_in_source
EFS,EPS,ES,stress_and_current,match,not_defined_in_source
EFS,ERS,ES,stress_and_current,match,not_defined_in_source
EFS,EST,ES,stress_and_current,match,not_defined_in_source
EFS,ESW,ES,stress_and_current,match,not_defined_in_source
EFS,FHS,FS,current,match,not_defined_in_source
EFS,FIS,FS,current,match,not_defined_in_source
EFS,FMS,FS,current,match,not_defined_in_source
EFS,FPS,FS,current,match,not_defined_in_source
EFS,FRS,FS,current,match,not_defined_in_source
EFS,FST,FS,current,match,not_defined_in_source
EFS,FSW,FS,current,match,not_defined_in_source
EFT,EFW,EF,stress,match,not_defined_in_source
EFT,EHT,ET,stress,match,not_defined_in_source
EFT,EIT,ET,stress,match,not_defined_in_source
EFT,EMT,ET,stress,match,not_defined_in_source
EFT,EPT,ET,stress,match,not_defined_in_source
EFT,ERT,ET,stress,match,not_defined_in_source
EFT,EST,ET,stress,match,not_defined_in_source
EFT,ETW,ET,stress,match,not_defined_in_source
EFT,FHT,FT,explicit,match,not_applicable
EFT,FIT,FT,explicit,match,not_applicable
EFT,FMT,FT,explicit,match,not_applicable
EFT,FPT,FT,explicit,match,not_applicable
EFT,FRT,FT,explicit,match,not_applicable
EFT,FST,FT,explicit,match,not_applicable
EFT,FTW,FT,explicit,match,not_applicable
EFW,EHW,EW,stress,match,not_defined_in_source
EFW,EIW,EW,stress,match,not_defined_in_source
EFW,EMW,EW,stress,match,not_defined_in_source
EFW,EPW,EW,stress,match,not_defined_in_source
EFW,ERW,EW,stress,match,not_defined_in_source
EFW,ESW,EW,stress,match,not_defined_in_source
EFW,ETW,EW,stress,match,not_defined_in_source
EFW,FHW,FW,explicit,match,not_applicable
EFW,FIW,FW,explicit,match,not_applicable
EFW,FMW,FW,explicit,match,not_applicable
EFW,FPW,FW,explicit,match,not_applicable
EFW,FRW,FW,explicit,match,not_applicable
EFW,FSW,FW,explicit,match,not_applicable
EFW,FTW,FW,explicit,match,not_applicable
EHI,EHM,EH,stress,match,not_defined_in_source
EHI,EHP,EH,stress,match,not_defined_in_source
EHI,EHR,EH,stress,match,not_defined_in_source
EHI,EHS,EH,stress,match,not_defined_in_source
EHI,EHT,EH,stress,match,not_defined_in_source
EHI,EHW,EH,stress,match,not_defined_in_source
EHI,EIM,EI,stress,match,not_defined_in_source
EHI,EIP,EI,stress,match,not_defined_in_source
EHI,EIR,EI,stress,match,not_defined_in_source
EHI,EIS,EI,stress,match,not_defined_in_source
EHI,EIT,EI,stress,match,not_defined_in_source
EHI,EIW,EI,stress,match,not_defined_in_source
EHI,FHI,HI,explicit,match,not_applicable
EHI,HIM,HI,explicit,match,not_applicable
EHI,HIP,HI,explicit,match,not_applicable
EHI,HIR,HI,explicit,match,not_applicable
EHI,HIS,HI,explicit,match,not_applicable
EHI,HIT,HI,explicit,match,not_applicable
EHI,HIW,HI,explicit,match,not_applicable
EHM,EHP,EH,stress,match,not_defined_in_source
EHM,EHR,EH,stress,match,not_defined_in_source
EHM,EHS,EH,stress,match,not_defined_in_source
EHM,EHT,EH,stress,match,not_defined_in_source
EHM,EHW,EH,stress,match,not_defined_in_source
EHM,EIM,EM,stress_and_current,match,not_defined_in_source
EHM,EMP,EM,stress_and_current,match,not_defined_in_source
EHM,EMR,EM,stress_and_current,match,not_defined_in_source
EHM,EMS,EM,stress_and_current,match,not_defined_in_source
EHM,EMT,EM,stress_and_current,match,not_defined_in_source
EHM,EMW,EM,stress_and_current,match,not_defined_in_source
EHM,FHM,HM,current,match,not_defined_in_source
EHM,HIM,HM,current,match,not_defined_in_source
EHM,HMP,HM,current,match,not_defined_in_source
EHM,HMR,HM,current,match,not_defined_in_source
EHM,HMS,HM,current,match,not_defined_in_source
EHM,HMT,HM,current,match,not_defined_in_source
EHM,HMW,HM,current,match,not_defined_in_source
EHP,EHR,EH,stress,match,not_defined_in_source
EHP,EHS,EH,stress,match,not_defined_in_source
EHP,EHT,EH,stress,match,not_defined_in_source
EHP,EHW,EH,stress,match,not_defined_in_source
EHP,EIP,EP,stress,match,not_defined_in_source
EHP,EMP,EP,stress,match,not_defined_in_source
EHP,EPR,EP,stress,match,not_defined_in_source
EHP,EPS,EP,stress,match,not_defined_in_source
EHP,EPT,EP,stress,match,not_defined_in_source
EHP,EPW,EP,stress,match,not_defined_in_source
EHP,FHP,HP,explicit,match,not_applicable
EHP,HIP,HP,explicit,match,not_applicable
EHP,HMP,HP,explicit,match,not_applicable
EHP,HPR,HP,explicit,match,not_applicable
EHP,HPS,HP,explicit,match,not_applicable
EHP,HPT,HP,explicit,match,not_applicable
EHP,HPW,HP,explicit,match,not_applicable
EHR,EHS,EH,stress,match,not_defined_in_source
EHR,EHT,EH,stress,match,not_defined_in_source
EHR,EHW,EH,stress,match,not_defined_in_source
EHR,EIR,ER,stress,match,not_defined_in_source
EHR,EMR,ER,stress,match,not_defined_in_source
EHR,EPR,ER,stress,match,not_defined_in_source
EHR,ERS,ER,stress,match,not_defined_in_source
EHR,ERT,ER,stress,match,not_defined_in_source
EHR,ERW,ER,stress,match,not_defined_in_source
EHR,FHR,HR,explicit,match,not_applicable
EHR,HIR,HR,explicit,match,not_applicable
EHR,HMR,HR,explicit,match,not_applicable
EHR,HPR,HR,explicit,match,not_applicable
EHR,HRS,HR,explicit,match,not_applicable
EHR,HRT,HR,explicit,match,not_applicable
EHR,HRW,HR,explicit,match,not_applicable
EHS,EHT,EH,stress,match,not_defined_in_source
EHS,EHW,EH,stress,match,not_defined_in_source
EHS,EIS,ES,stress_and_current,match,not_defined_in_source
EHS,EMS,ES,stress_and_current,match,not_defined_in_source
EHS,EPS,ES,stress_and_current,match,not_defined_in_source
EHS,ERS,ES,stress_and_current,match,not_defined_in_source
EHS,EST,ES,stress_and_current,match,not_defined_in_source
EHS,ESW,ES,stress_and_current,match,not_defined_in_source
EHS,FHS,HS,current,match,not_defined_in_source
EHS,HIS,HS,current,match,not_defined_in_source
EHS,HMS,HS,current,match,not_defined_in_source
EHS,HPS,HS,current,match,not_defined_in_source
EHS,HRS,HS,current,match,not_defined_in_source
EHS,HST,HS,current,match,not_defined_in_source
EHS,HSW,HS,current,match,not_defined_in_source
EHT,EHW,EH,stress,match,not_defined_in_source
EHT,EIT,ET,stress,match,not_defined_in_source
EHT,EMT,ET,stress,match,not_defined_in_source
EHT,EPT,ET,stress,match,not_defined_in_source
EHT,ERT,ET,stress,match,not_defined_in_source
EHT,EST,ET,stress,match,not_defined_in_source
EHT,ETW,ET,stress,match,not_defined_in_source
EHT,FHT,HT,explicit,match,not_applicable
EHT,HIT,HT,explicit,match,not_applicable
EHT,HMT,HT,explicit,match,not_applicable
EHT,HPT,HT,explicit,match,not_applicable
EHT,HRT,HT,explicit,match,not_applicable
EHT,HST,HT,explicit,match,not_applicable
EHT,HTW,HT,explicit,match,not_applicable
EHW,EIW,EW,stress,match,not_defined_in_source
EHW,EMW,EW,stress,match,not_defined_in_source
EHW,EPW,EW,stress,match,not_defined_in_source
EHW,ERW,EW,stress,match,not_defined_in_source
EHW,ESW,EW,stress,match,not_defined_in_source
EHW,ETW,EW,stress,match,not_defined_in_source
EHW,FHW,HW,explicit,match,not_applicable
EHW,HIW,HW,explicit,match,not_applicable
EHW,HMW,HW,explicit,match,not_applicable
EHW,HPW,HW,explicit,match,not_applicable
EHW,HRW,HW,explicit,match,not_applicable
EHW,HSW,HW,explicit,match,not_applicable
EHW,HTW,HW,explicit,match,not_applicable
EIM,EIP,EI,stress,match,not_defined_in_source
EIM,EIR,EI,stress,match,not_defined_in_source
EIM,EIS,EI,stress,match,not_defined_in_source
EIM,EIT,EI,stress,match,not_defined_in_source
EIM,EIW,EI,stress,match,not_defined_in_source
EIM,EMP,EM,stress_and_current,match,not_defined_in_source
EIM,EMR,EM,stress_and_current,match,not_defined_in_source
EIM,EMS,EM,stress_and_current,match,not_defined_in_source
EIM,EMT,EM,stress_and_current,match,not_defined_in_source
EIM,EMW,EM,stress_and_current,match,not_defined_in_source
EIM,FIM,IM,current,match,not_defined_in_source
EIM,HIM,IM,current,match,not_defined_in_source
EIM,IMP,IM,current,match,not_defined_in_source
EIM,IMR,IM,current,match,not_defined_in_source
EIM,IMS,IM,current,match,not_defined_in_source
EIM,IMT,IM,current,match,not_defined_in_source
EIM,IMW,IM,current,match,not_defined_in_source
EIP,EIR,EI,stress,match,not_defined_in_source
EIP,EIS,EI,stress,match,not_defined_in_source
EIP,EIT,EI,stress,match,not_defined_in_source
EIP,EIW,EI,stress,match,not_defined_in_source
EIP,EMP,EP,stress,match,not_defined_in_source
EIP,EPR,EP,stress,match,not_defined_in_source
EIP,EPS,EP,stress,match,not_defined_in_source
EIP,EPT,EP,stress,match,not_defined_in_source
EIP,EPW,EP,stress,match,not_defined_in_source
EIP,FIP,IP,explicit,match,not_applicable
EIP,HIP,IP,explicit,match,not_applicable
EIP,IMP,IP,explicit,match,not_applicable
EIP,IPR,IP,explicit,match,not_applicable
EIP,IPS,IP,explicit,match,not_applicable
EIP,IPT,IP,explicit,match,not_applicable
EIP,IPW,IP,explicit,match,not_applicable
EIR,EIS,EI,stress,match,not_defined_in_source
EIR,EIT,EI,stress,match,not_defined_in_source
EIR,EIW,EI,stress,match,not_defined_in_source
EIR,EMR,ER,stress,match,not_defined_in_source
EIR,EPR,ER,stress,match,not_defined_in_source
EIR,ERS,ER,stress,match,not_defined_in_source
EIR,ERT,ER,stress,match,not_defined_in_source
EIR,ERW,ER,stress,match,not_defined_in_source
EIR,FIR,IR,explicit,match,not_applicable
EIR,HIR,IR,explicit,match,not_applicable
EIR,IMR,IR,explicit,match,not_applicable
EIR,IPR,IR,explicit,match,not_applicable
EIR,IRS,IR,explicit,match,not_applicable
EIR,IRT,IR,explicit,match,not_applicable
EIR,IRW,IR,explicit,match,not_applicable
EIS,EIT,EI,stress,match,not_defined_in_source
EIS,EIW,EI,stress,match,not_defined_in_source
EIS,EMS,ES,stress_and_current,match,not_defined_in_source
EIS,EPS,ES,stress_and_current,match,not_defined_in_source
EIS,ERS,ES,stress_and_current,match,not_defined_in_source
EIS,EST,ES,stress_and_current,match,not_defined_in_source
EIS,ESW,ES,stress_and_current,match,not_defined_in_source
EIS,FIS,IS,current,match,not_defined_in_source
EIS,HIS,IS,current,match,not_defined_in_source
EIS,IMS,IS,current,match,not_defined_in_source
EIS,IPS,IS,current,match,not_defined_in_source
EIS,IRS,IS,current,match,not_defined_in_source
EIS,IST,IS,current,match,not_defined_in_source
EIS,ISW,IS,current,match,not_defined_in_source
EIT,EIW,EI,stress,match,not_defined_in_source
EIT,EMT,ET,stress,match,not_defined_in_source
EIT,EPT,ET,stress,match,not_defined_in_source
EIT,ERT,ET,stress,match,not_defined_in_source
EIT,EST,ET,stress,match,not_defined_in_source
EIT,ETW,ET,stress,match,not_defined_in_source
EIT,FIT,IT,explicit,match,not_applicable
EIT,HIT,IT,explicit,match,not_applicable
EIT,IMT,IT,explicit,match,not_applicable
EIT,IPT,IT,explicit,match,not_applicable
EIT,IRT,IT,explicit,match,not_applicable
EIT,IST,IT,explicit,match,not_applicable
EIT,ITW,IT,explicit,match,not_applicable
EIW,EMW,EW,stress,match,not_defined_in_source
EIW,EPW,EW,stress,match,not_defined_in_source
EIW,ERW,EW,stress,match,not_defined_in_source
EIW,ESW,EW,stress,match,not_defined_in_source
EIW,ETW,EW,stress,match,not_defined_in_source
EIW,FIW,IW,explicit,match,not_applicable
EIW,HIW,IW,explicit,match,not_applicable
EIW,IMW,IW,explicit,match,not_applicable
EIW,IPW,IW,explicit,match,not_applicable
EIW,IRW,IW,explicit,match,not_applicable
EIW,ISW,IW,explicit,match,not_applicable
EIW,ITW,IW,explicit,match,not_applicable
EMP,EMR,EM,stress_and_current,match,not_defined_in_source
EMP,EMS,EM,stress_and_current,match,not_defined_in_source
EMP,EMT,EM,stress_and_current,match,not_defined_in_source
EMP,EMW,EM,stress_and_current,match,not_defined_in_source
EMP,EPR,EP,stress,match,not_defined_in_source
EMP,EPS,EP,stress,match,not_defined_in_source
EMP,EPT,EP,stress,match,not_defined_in_source
EMP,EPW,EP,stress,match,not_defined_in_source
EMP,FMP,MP,current,match,not_defined_in_source
EMP,HMP,MP,current,match,not_defined_in_source
EMP,IMP,MP,current,match,not_defined_in_source
EMP,MPR,MP,current,match,not_defined_in_source
EMP,MPS,MP,current,match,not_defined_in_source
EMP,MPT,MP,current,match,not_defined_in_source
EMP,MPW,MP,current,match,not_defined_in_source
EMR,EMS,EM,stress_and_current,match,not_defined_in_source
EMR,EMT,EM,stress_and_current,match,not_defined_in_source
EMR,EMW,EM,stress_and_current,match,not_defined_in_source
EMR,EPR,ER,stress,match,not_defined_in_source
EMR,ERS,ER,stress,match,not_defined_in_source
EMR,ERT,ER,stress,match,not_defined_in_source
EMR,ERW,ER,stress,match,not_defined_in_source
EMR,FMR,MR,current,match,not_defined_in_source
EMR,HMR,MR,current,match,not_defined_in_source
EMR,IMR,MR,current,match,not_defined_in_source
EMR,MPR,MR,current,match,not_defined_in_source
EMR,MRS,MR,current,match,not_defined_in_source
EMR,MRT,MR,current,match,not_defined_in_source
EMR,MRW,MR,current,match,not_defined_in_source
EMS,EMT,EM,stress_and_current,match,not_defined_in_source
EMS,EMW,EM,stress_and_current,match,not_defined_in_source
EMS,EPS,ES,stress_and_current,match,not_defined_in_source
EMS,ERS,ES,stress_and_current,match,not_defined_in_source
EMS,EST,ES,stress_and_current,match,not_defined_in_source
EMS,ESW,ES,stress_and_current,match,not_defined_in_source
EMS,FMS,MS,current,match,not_defined_in_source
EMS,HMS,MS,current,match,not_defined_in_source
EMS,IMS,MS,current,match,not_defined_in_source
EMS,MPS,MS,current,match,not_defined_in_source
EMS,MRS,MS,current,match,not_defined_in_source
EMS,MST,MS,current,match,not_defined_in_source
EMS,MSW,MS,current,match,not_defined_in_source
EMT,EMW,EM,stress_and_current,match,not_defined_in_source
EMT,EPT,ET,stress,match,not_defined_in_source
EMT,ERT,ET,stress,match,not_defined_in_source
EMT,EST,ET,stress,match,not_defined_in_source
EMT,ETW,ET,stress,match,not_defined_in_source
EMT,FMT,MT,current,match,not_defined_in_source
EMT,HMT,MT,current,match,not_defined_in_source
EMT,IMT,MT,current,match,not_defined_in_source
EMT,MPT,MT,current,match,not_defined_in_source
EMT,MRT,MT,current,match,not_defined_in_source
EMT,MST,MT,current,match,not_defined_in_source
EMT,MTW,MT,current,match,not_defined_in_source
EMW,EPW,EW,stress,match,not_defined_in_source
EMW,ERW,EW,stress,match,not_defined_in_source
EMW,ESW,EW,stress,match,not_defined_in_source
EMW,ETW,EW,stress,match,not_defined_in_source
EMW,FMW,MW,current,match,not_defined_in_source
EMW,HMW,MW,current,match,not_defined_in_source
EMW,IMW,MW,current,match,not_defined_in_source
EMW,MPW,MW,current,match,not_defined_in_source
EMW,MRW,MW,current,match,not_defined_in_source
EMW,MSW,MW,current,match,not_defined_in_source
EMW,MTW,MW,current,match,not_defined_in_source
EPR,EPS,EP,stress,match,not_defined_in_source
EPR,EPT,EP,stress,match,not_defined_in_source
EPR,EPW,EP,stress,match,not_defined_in_source
EPR,ERS,ER,stress,match,not_defined_in_source
EPR,ERT,ER,stress,match,not_defined_in_source
EPR,ERW,ER,stress,match,not_defined_in_source
EPR,FPR,PR,explicit,match,not_applicable
EPR,HPR,PR,explicit,match,not_applicable
EPR,IPR,PR,explicit,match,not_applicable
EPR,MPR,PR,explicit,match,not_applicable
EPR,PRS,PR,explicit,match,not_applicable
EPR,PRT,PR,explicit,match,not_applicable
EPR,PRW,PR,explicit,match,not_applicable
EPS,EPT,EP,stress,match,not_defined_in_source
EPS,EPW,EP,stress,match,not_defined_in_source
EPS,ERS,ES,stress_and_current,match,not_defined_in_source
EPS,EST,ES,stress_and_current,match,not_defined_in_source
EPS,ESW,ES,stress_and_current,match,not_defined_in_source
EPS,FPS,PS,current,match,not_defined_in_source
EPS,HPS,PS,current,match,not_defined_in_source
EPS,IPS,PS,current,match,not_defined_in_source
EPS,MPS,PS,current,match,not_defined_in_source
EPS,PRS,PS,current,match,not_defined_in_source
EPS,PST,PS,current,match,not_defined_in_source
EPS,PSW,PS,current,match,not_defined_in_source
EPT,EPW,EP,stress,match,not_defined_in_source
EPT,ERT,ET,stress,match,not_defined_in_source
EPT,EST,ET,stress,match,not_defined_in_source
EPT,ETW,ET,stress,match,not_defined_in_source
EPT,FPT,PT,explicit,match,not_applicable
EPT,HPT,PT,explicit,match,not_applicable
EPT,IPT,PT,explicit,match,not_applicable
EPT,MPT,PT,explicit,match,not_applicable
EPT,PRT,PT,explicit,match,not_applicable
EPT,PST,PT,explicit,match,not_applicable
EPT,PTW,PT,explicit,match,not_applicable
EPW,ERW,EW,stress,match,not_defined_in_source
EPW,ESW,EW,stress,match,not_defined_in_source
EPW,ETW,EW,stress,match,not_defined_in_source
EPW,FPW,PW,explicit,match,not_applicable
EPW,HPW,PW,explicit,match,not_applicable
EPW,IPW,PW,explicit,match,not_applicable
EPW,MPW,PW,explicit,match,not_applicable
EPW,PRW,PW,explicit,match,not_applicable
EPW,PSW,PW,explicit,match,not_applicable
EPW,PTW,PW,explicit,match,not_applicable
ERS,ERT,ER,stress,match,not_defined_in_source
ERS,ERW,ER,stress,match,not_defined_in_source
ERS,EST,ES,stress_and_current,match,not_defined_in_source
ERS,ESW,ES,stress_and_current,match,not_defined_in_source
ERS,FRS,RS,current,match,not_defined_in_source
ERS,HRS,RS,current,match,not_defined_in_source
ERS,IRS,RS,current,match,not_defined_in_source
ERS,MRS,RS,current,match,not_defined_in_source
ERS,PRS,RS,current,match,not_defined_in_source
ERS,RST,RS,current,match,not_defined_in_source
ERS,RSW,RS,current,match,not_defined_in_source
ERT,ERW,ER,stress,match,not_defined_in_source
ERT,EST,ET,stress,match,not_defined_in_source
ERT,ETW,ET,stress,match,not_defined_in_source
ERT,FRT,RT,explicit,match,not_applicable
ERT,HRT,RT,explicit,match,not_applicable
ERT,IRT,RT,explicit,match,not_applicable
ERT,MRT,RT,explicit,match,not_applicable
ERT,PRT,RT,explicit,match,not_applicable
ERT,RST,RT,explicit,match,not_applicable
ERT,RTW,RT,explicit,match,not_applicable
ERW,ESW,EW,stress,match,not_defined_in_source
ERW,ETW,EW,stress,match,not_defined_in_source
ERW,FRW,RW,explicit,match,not_applicable
ERW,HRW,RW,explicit,match,not_applicable
ERW,IRW,RW,explicit,match,not_applicable
ERW,MRW,RW,explicit,match,not_applicable
ERW,PRW,RW,explicit,match,not_applicable
ERW,RSW,RW,explicit,match,not_applicable
ERW,RTW,RW,explicit,match,not_applicable
EST,ESW,ES,stress_and_current,match,not_defined_in_source
EST,ETW,ET,stress,match,not_defined_in_source
EST,FST,ST,current,match,not_defined_in_source
EST,HST,ST,current,match,not_defined_in_source
EST,IST,ST,current,match,not_defined_in_source
EST,MST,ST,current,match,not_defined_in_source
EST,PST,ST,current,match,not_defined_in_source
EST,RST,ST,current,match,not_defined_in_source
EST,STW,ST,current,match,not_defined_in_source
ESW,ETW,EW,stress,match,not_defined_in_source
ESW,FSW,SW,current,match,not_defined_in_source
ESW,HSW,SW,current,match,not_defined_in_source
ESW,ISW,SW,current,match,not_defined_in_source
ESW,MSW,SW,current,match,not_defined_in_source
ESW,PSW,SW,current,match,not_defined_in_source
ESW,RSW,SW,current,match,not_defined_in_source
ESW,STW,SW,current,match,not_defined_in_source
ETW,FTW,TW,explicit,match,not_applicable
ETW,HTW,TW,explicit,match,not_applicable
ETW,ITW,TW,explicit,match,not_applicable
ETW,MTW,TW,explicit,match,not_applicable
ETW,PTW,TW,explicit,match,not_applicable
ETW,RTW,TW,explicit,match,not_applicable
ETW,STW,TW,explicit,match,not_applicable
FHI,FHM,FH,explicit,match,not_applicable
FHI,FHP,FH,explicit,match,not_applicable
FHI,FHR,FH,explicit,match,not_applicable
FHI,FHS,FH,explicit,match,not_applicable
FHI,FHT,FH,explicit,match,not_applicable
FHI,FHW,FH,explicit,match,not_applicable
FHI,FIM,FI,explicit,match,not_applicable
FHI,FIP,FI,explicit,match,not_applicable
FHI,FIR,FI,explicit,match,not_applicable
FHI,FIS,FI,explicit,match,not_applicable
FHI,FIT,FI,explicit,match,not_applicable
FHI,FIW,FI,explicit,match,not_applicable
FHI,HIM,HI,explicit,match,not_applicable
FHI,HIP,HI,explicit,match,not_applicable
FHI,HIR,HI,explicit,match,not_applicable
FHI,HIS,HI,explicit,match,not_applicable
FHI,HIT,HI,explicit,match,not_applicable
FHI,HIW,HI,explicit,match,not_applicable
FHM,FHP,FH,explicit,match,not_applicable
FHM,FHR,FH,explicit,match,not_applicable
FHM,FHS,FH,explicit,match,not_applicable
FHM,FHT,FH,explicit,match,not_applicable
FHM,FHW,FH,explicit,match,not_applicable
FHM,FIM,FM,current,match,not_defined_in_source
FHM,FMP,FM,current,match,not_defined_in_source
FHM,FMR,FM,current,match,not_defined_in_source
FHM,FMS,FM,current,match,not_defined_in_source
FHM,FMT,FM,current,match,not_defined_in_source
FHM,FMW,FM,current,match,not_defined_in_source
FHM,HIM,HM,current,match,not_defined_in_source
FHM,HMP,HM,current,match,not_defined_in_source
FHM,HMR,HM,current,match,not_defined_in_source
FHM,HMS,HM,current,match,not_defined_in_source
FHM,HMT,HM,current,match,not_defined_in_source
FHM,HMW,HM,current,match,not_defined_in_source
FHP,FHR,FH,explicit,match,not_applicable
FHP,FHS,FH,explicit,match,not_applicable
FHP,FHT,FH,explicit,match,not_applicable
FHP,FHW,FH,explicit,match,not_applicable
FHP,FIP,FP,explicit,match,not_applicable
FHP,FMP,FP,explicit,match,not_applicable
FHP,FPR,FP,explicit,match,not_applicable
FHP,FPS,FP,explicit,match,not_applicable
FHP,FPT,FP,explicit,match,not_applicable
FHP,FPW,FP,explicit,match,not_applicable
FHP,HIP,HP,explicit,match,not_applicable
FHP,HMP,HP,explicit,match,not_applicable
FHP,HPR,HP,explicit,match,not_applicable
FHP,HPS,HP,explicit,match,not_applicable
FHP,HPT,HP,explicit,match,not_applicable
FHP,HPW,HP,explicit,match,not_applicable
FHR,FHS,FH,explicit,match,not_applicable
FHR,FHT,FH,explicit,match,not_applicable
FHR,FHW,FH,explicit,match,not_applicable
FHR,FIR,FR,explicit,match,not_applicable
FHR,FMR,FR,explicit,match,not_applicable
FHR,FPR,FR,explicit,match,not_applicable
FHR,FRS,FR,explicit,match,not_applicable
FHR,FRT,FR,explicit,match,not_applicable
FHR,FRW,FR,explicit,match,not_applicable
FHR,HIR,HR,explicit,match,not_applicable
FHR,HMR,HR,explicit,match,not_applicable
FHR,HPR,HR,explicit,match,not_applicable
FHR,HRS,HR,explicit,match,not_applicable
FHR,HRT,HR,explicit,match,not_applicable
FHR,HRW,HR,explicit,match,not_applicable
FHS,FHT,FH,explicit,match,not_applicable
FHS,FHW,FH,explicit,match,not_applicable
FHS,FIS,FS,current,match,not_defined_in_source
FHS,FMS,FS,current,match,not_defined_in_source
FHS,FPS,FS,current,match,not_defined_in_source
FHS,FRS,FS,current,match,not_defined_in_source
FHS,FST,FS,current,match,not_defined_in_source
FHS,FSW,FS,current,match,not_defined_in_source
FHS,HIS,HS,current,match,not_defined_in_source
FHS,HMS,HS,current,match,not_defined_in_source
FHS,HPS,HS,current,match,not_defined_in_source
FHS,HRS,HS,current,match,not_defined_in_source
FHS,HST,HS,current,match,not_defined_in_source
FHS,HSW,HS,current,match,not_defined_in_source
FHT,FHW,FH,explicit,match,not_applicable
FHT,FIT,FT,explicit,match,not_applicable
FHT,FMT,FT,explicit,match,not_applicable
FHT,FPT,FT,explicit,match,not_applicable
FHT,FRT,FT,explicit,match,not_applicable
FHT,FST,FT,explicit,match,not_applicable
FHT,FTW,FT,explicit,match,not_applicable
FHT,HIT,HT,explicit,match,not_applicable
FHT,HMT,HT,explicit,match,not_applicable
FHT,HPT,HT,explicit,match,not_applicable
FHT,HRT,HT,explicit,match,not_applicable
FHT,HST,HT,explicit,match,not_applicable
FHT,HTW,HT,explicit,match,not_applicable
FHW,FIW,FW,explicit,match,not_applicable
FHW,FMW,FW,explicit,match,not_applicable
FHW,FPW,FW,explicit,match,not_applicable
FHW,FRW,FW,explicit,match,not_applicable
FHW,FSW,FW,explicit,match,not_applicable
FHW,FTW,FW,explicit,match,not_applicable
FHW,HIW,HW,explicit,match,not_applicable
FHW,HMW,HW,explicit,match,not_applicable
FHW,HPW,HW,explicit,match,not_applicable
FHW,HRW,HW,explicit,match,not_applicable
FHW,HSW,HW,explicit,match,not_applicable
FHW,HTW,HW,explicit,match,not_applicable
FIM,FIP,FI,explicit,match,not_applicable
FIM,FIR,FI,explicit,match,not_applicable
FIM,FIS,FI,explicit,match,not_applicable
FIM,FIT,FI,explicit,match,not_applicable
FIM,FIW,FI,explicit,match,not_applicable
FIM,FMP,FM,current,match,not_defined_in_source
FIM,FMR,FM,current,match,not_defined_in_source
FIM,FMS,FM,current,match,not_defined_in_source
FIM,FMT,FM,current,match,not_defined_in_source
FIM,FMW,FM,current,match,not_defined_in_source
FIM,HIM,IM,current,match,not_defined_in_source
FIM,IMP,IM,current,match,not_defined_in_source
FIM,IMR,IM,current,match,not_defined_in_source
FIM,IMS,IM,current,match,not_defined_in_source
FIM,IMT,IM,current,match,not_defined_in_source
FIM,IMW,IM,current,match,not_defined_in_source
FIP,FIR,FI,explicit,match,not_applicable
FIP,FIS,FI,explicit,match,not_applicable
FIP,FIT,FI,explicit,match,not_applicable
FIP,FIW,FI,explicit,match,not_applicable
FIP,FMP,FP,explicit,match,not_applicable
FIP,FPR,FP,explicit,match,not_applicable
FIP,FPS,FP,explicit,match,not_applicable
FIP,FPT,FP,explicit,match,not_applicable
FIP,FPW,FP,explicit,match,not_applicable
FIP,HIP,IP,explicit,match,not_applicable
FIP,IMP,IP,explicit,match,not_applicable
FIP,IPR,IP,explicit,match,not_applicable
FIP,IPS,IP,explicit,match,not_applicable
FIP,IPT,IP,explicit,match,not_applicable
FIP,IPW,IP,explicit,match,not_applicable
FIR,FIS,FI,explicit,match,not_applicable
FIR,FIT,FI,explicit,match,not_applicable
FIR,FIW,FI,explicit,match,not_applicable
FIR,FMR,FR,explicit,match,not_applicable
FIR,FPR,FR,explicit,match,not_applicable
FIR,FRS,FR,explicit,match,not_applicable
FIR,FRT,FR,explicit,match,not_applicable
FIR,FRW,FR,explicit,match,not_applicable
FIR,HIR,IR,explicit,match,not_applicable
FIR,IMR,IR,explicit,match,not_applicable
FIR,IPR,IR,explicit,match,not_applicable
FIR,IRS,IR,explicit,match,not_applicable
FIR,IRT,IR,explicit,match,not_applicable
FIR,IRW,IR,explicit,match,not_applicable
FIS,FIT,FI,explicit,match,not_applicable
FIS,FIW,FI,explicit,match,not_applicable
FIS,FMS,FS,current,match,not_defined_in_source
FIS,FPS,FS,current,match,not_defined_in_source
FIS,FRS,FS,current,match,not_defined_in_source
FIS,FST,FS,current,match,not_defined_in_source
FIS,FSW,FS,current,match,not_defined_in_source
FIS,HIS,IS,current,match,not_defined_in_source
FIS,IMS,IS,current,match,not_defined_in_source
FIS,IPS,IS,current,match,not_defined_in_source
FIS,IRS,IS,current,match,not_defined_in_source
FIS,IST,IS,current,match,not_defined_in_source
FIS,ISW,IS,current,match,not_defined_in_source
FIT,FIW,FI,explicit,match,not_applicable
FIT,FMT,FT,explicit,match,not_applicable
FIT,FPT,FT,explicit,match,not_applicable
FIT,FRT,FT,explicit,match,not_applicable
FIT,FST,FT,explicit,match,not_applicable
FIT,FTW,FT,explicit,match,not_applicable
FIT,HIT,IT,explicit,match,not_applicable
FIT,IMT,IT,explicit,match,not_applicable
FIT,IPT,IT,explicit,match,not_applicable
FIT,IRT,IT,explicit,match,not_applicable
FIT,IST,IT,explicit,match,not_applicable
FIT,ITW,IT,explicit,match,not_applicable
FIW,FMW,FW,explicit,match,not_applicable
FIW,FPW,FW,explicit,match,not_applicable
FIW,FRW,FW,explicit,match,not_applicable
FIW,FSW,FW,explicit,match,not_applicable
FIW,FTW,FW,explicit,match,not_applicable
FIW,HIW,IW,explicit,match,not_applicable
FIW,IMW,IW,explicit,match,not_applicable
FIW,IPW,IW,explicit,match,not_applicable
FIW,IRW,IW,explicit,match,not_applicable
FIW,ISW,IW,explicit,match,not_applicable
FIW,ITW,IW,explicit,match,not_applicable
FMP,FMR,FM,current,match,not_defined_in_source
FMP,FMS,FM,current,match,not_defined_in_source
FMP,FMT,FM,current,match,not_defined_in_source
FMP,FMW,FM,current,match,not_defined_in_source
FMP,FPR,FP,explicit,match,not_applicable
FMP,FPS,FP,explicit,match,not_applicable
FMP,FPT,FP,explicit,match,not_applicable
FMP,FPW,FP,explicit,match,not_applicable
FMP,HMP,MP,current,match,not_defined_in_source
FMP,IMP,MP,current,match,not_defined_in_source
FMP,MPR,MP,current,match,not_defined_in_source
FMP,MPS,MP,current,match,not_defined_in_source
FMP,MPT,MP,current,match,not_defined_in_source
FMP,MPW,MP,current,match,not_defined_in_source
FMR,FMS,FM,current,match,not_defined_in_source
FMR,FMT,FM,current,match,not_defined_in_source
FMR,FMW,FM,current,match,not_defined_in_source
FMR,FPR,FR,explicit,match,not_applicable
FMR,FRS,FR,explicit,match,not_applicable
FMR,FRT,FR,explicit,match,not_applicable
FMR,FRW,FR,explicit,match,not_applicable
FMR,HMR,MR,current,match,not_defined_in_source
FMR,IMR,MR,current,match,not_defined_in_source
FMR,MPR,MR,current,match,not_defined_in_source
FMR,MRS,MR,current,match,not_defined_in_source
FMR,MRT,MR,current,match,not_defined_in_source
FMR,MRW,MR,current,match,not_defined_in_source
FMS,FMT,FM,current,match,not_defined_in_source
FMS,FMW,FM,current,match,not_defined_in_source
FMS,FPS,FS,current,match,not_defined_in_source
FMS,FRS,FS,current,match,not_defined_in_source
FMS,FST,FS,current,match,not_defined_in_source
FMS,FSW,FS,current,match,not_defined_in_source
FMS,HMS,MS,current,match,not_defined_in_source
FMS,IMS,MS,current,match,not_defined_in_source
FMS,MPS,MS,current,match,not_defined_in_source
FMS,MRS,MS,current,match,not_defined_in_source
FMS,MST,MS,current,match,not_defined_in_source
FMS,MSW,MS,current,match,not_defined_in_source
FMT,FMW,FM,current,match,not_defined_in_source
FMT,FPT,FT,explicit,match,not_applicable
FMT,FRT,FT,explicit,match,not_applicable
FMT,FST,FT,explicit,match,not_applicable
FMT,FTW,FT,explicit,match,not_applicable
FMT,HMT,MT,current,match,not_defined_in_source
FMT,IMT,MT,current,match,not_defined_in_source
FMT,MPT,MT,current,match,not_defined_in_source
FMT,MRT,MT,current,match,not_defined_in_source
FMT,MST,MT,current,match,not_defined_in_source
FMT,MTW,MT,current,match,not_defined_in_source
FMW,FPW,FW,explicit,match,not_applicable
FMW,FRW,FW,explicit,match,not_applicable
FMW,FSW,FW,explicit,match,not_applicable
FMW,FTW,FW,explicit,match,not_applicable
FMW,HMW,MW,current,match,not_defined_in_source
FMW,IMW,MW,current,match,not_defined_in_source
FMW,MPW,MW,current,match,not_defined_in_source
FMW,MRW,MW,current,match,not_defined_in_source
FMW,MSW,MW,current,match,not_defined_in_source
FMW,MTW,MW,current,match,not_defined_in_source
FPR,FPS,FP,explicit,match,not_applicable
FPR,FPT,FP,explicit,match,not_applicable
FPR,FPW,FP,explicit,match,not_applicable
FPR,FRS,FR,explicit,match,not_applicable
FPR,FRT,FR,explicit,match,not_applicable
FPR,FRW,FR,explicit,match,not_applicable
FPR,HPR,PR,explicit,match,not_applicable
FPR,IPR,PR,explicit,match,not_applicable
FPR,MPR,PR,explicit,match,not_applicable
FPR,PRS,PR,explicit,match,not_applicable
FPR,PRT,PR,explicit,match,not_applicable
FPR,PRW,PR,explicit,match,not_applicable
FPS,FPT,FP,explicit,match,not_applicable
FPS,FPW,FP,explicit,match,not_applicable
FPS,FRS,FS,current,match,not_defined_in_source
FPS,FST,FS,current,match,not_defined_in_source
FPS,FSW,FS,current,match,not_defined_in_source
FPS,HPS,PS,current,match,not_defined_in_source
FPS,IPS,PS,current,match,not_defined_in_source
FPS,MPS,PS,current,match,not_defined_in_source
FPS,PRS,PS,current,match,not_defined_in_source
FPS,PST,PS,current,match,not_defined_in_source
FPS,PSW,PS,current,match,not_defined_in_source
FPT,FPW,FP,explicit,match,not_applicable
FPT,FRT,FT,explicit,match,not_applicable
FPT,FST,FT,explicit,match,not_applicable
FPT,FTW,FT,explicit,match,not_applicable
FPT,HPT,PT,explicit,match,not_applicable
FPT,IPT,PT,explicit,match,not_applicable
FPT,MPT,PT,explicit,match,not_applicable
FPT,PRT,PT,explicit,match,not_applicable
FPT,PST,PT,explicit,match,not_applicable
FPT,PTW,PT,explicit,match,not_applicable
FPW,FRW,FW,explicit,match,not_applicable
FPW,FSW,FW,explicit,match,not_applicable
FPW,FTW,FW,explicit,match,not_applicable
FPW,HPW,PW,explicit,match,not_applicable
FPW,IPW,PW,explicit,match,not_applicable
FPW,MPW,PW,explicit,match,not_applicable
FPW,PRW,PW,explicit,match,not_applicable
FPW,PSW,PW,explicit,match,not_applicable
FPW,PTW,PW,explicit,match,not_applicable
FRS,FRT,FR,explicit,match,not_applicable
FRS,FRW,FR,explicit,match,not_applicable
FRS,FST,FS,current,match,not_defined_in_source
FRS,FSW,FS,current,match,not_defined_in_source
FRS,HRS,RS,current,match,not_defined_in_source
FRS,IRS,RS,current,match,not_defined_in_source
FRS,MRS,RS,current,match,not_defined_in_source
FRS,PRS,RS,current,match,not_defined_in_source
FRS,RST,RS,current,match,not_defined_in_source
FRS,RSW,RS,current,match,not_defined_in_source
FRT,FRW,FR,explicit,match,not_applicable
FRT,FST,FT,explicit,match,not_applicable
FRT,FTW,FT,explicit,match,not_applicable
FRT,HRT,RT,explicit,match,not_applicable
FRT,IRT,RT,explicit,match,not_applicable
FRT,MRT,RT,explicit,match,not_applicable
FRT,PRT,RT,explicit,match,not_applicable
FRT,RST,RT,explicit,match,not_applicable
FRT,RTW,RT,explicit,match,not_applicable
FRW,FSW,FW,explicit,match,not_applicable
FRW,FTW,FW,explicit,match,not_applicable
FRW,HRW,RW,explicit,match,not_applicable
FRW,IRW,RW,explicit,match,not_applicable
FRW,MRW,RW,explicit,match,not_applicable
FRW,PRW,RW,explicit,match,not_applicable
FRW,RSW,RW,explicit,match,not_applicable
FRW,RTW,RW,explicit,match,not_applicable
FST,FSW,FS,current,match,not_defined_in_source
FST,FTW,FT,explicit,match,not_applicable
FST,HST,ST,current,match,not_defined_in_source
FST,IST,ST,current,match,not_defined_in_source
FST,MST,ST,current,match,not_defined_in_source
FST,PST,ST,current,match,not_defined_in_source
FST,RST,ST,current,match,not_defined_in_source
FST,STW,ST,current,match,not_defined_in_source
FSW,FTW,FW,explicit,match,not_applicable
FSW,HSW,SW,current,match,not_defined_in_source
FSW,ISW,SW,current,match,not_defined_in_source
FSW,MSW,SW,current,match,not_defined_in_source
FSW,PSW,SW,current,match,not_defined_in_source
FSW,RSW,SW,current,match,not_defined_in_source
FSW,STW,SW,current,match,not_defined_in_source
FTW,HTW,TW,explicit,match,not_applicable
FTW,ITW,TW,explicit,match,not_applicable
FTW,MTW,TW,explicit,match,not_applicable
FTW,PTW,TW,explicit,match,not_applicable
FTW,RTW,TW,explicit,match,not_applicable
FTW,STW,TW,explicit,match,not_applicable
HIM,HIP,HI,explicit,match,not_applicable
HIM,HIR,HI,explicit,match,not_applicable
HIM,HIS,HI,explicit,match,not_applicable
HIM,HIT,HI,explicit,match,not_applicable
HIM,HIW,HI,explicit,match,not_applicable
HIM,HMP,HM,current,match,not_defined_in_source
HIM,HMR,HM,current,match,not_defined_in_source
HIM,HMS,HM,current,match,not_defined_in_source
HIM,HMT,HM,current,match,not_defined_in_source
HIM,HMW,HM,current,match,not_defined_in_source
HIM,IMP,IM,current,match,not_defined_in_source
HIM,IMR,IM,current,match,not_defined_in_source
HIM,IMS,IM,current,match,not_defined_in_source
HIM,IMT,IM,current,match,not_defined_in_source
HIM,IMW,IM,current,match,not_defined_in_source
HIP,HIR,HI,explicit,match,not_applicable
HIP,HIS,HI,explicit,match,not_applicable
HIP,HIT,HI,explicit,match,not_applicable
HIP,HIW,HI,explicit,match,not_applicable
HIP,HMP,HP,explicit,match,not_applicable
HIP,HPR,HP,explicit,match,not_applicable
HIP,HPS,HP,explicit,match,not_applicable
HIP,HPT,HP,explicit,match,not_applicable
HIP,HPW,HP,explicit,match,not_applicable
HIP,IMP,IP,explicit,match,not_applicable
HIP,IPR,IP,explicit,match,not_applicable
HIP,IPS,IP,explicit,match,not_applicable
HIP,IPT,IP,explicit,match,not_applicable
HIP,IPW,IP,explicit,match,not_applicable
HIR,HIS,HI,explicit,match,not_applicable
HIR,HIT,HI,explicit,match,not_applicable
HIR,HIW,HI,explicit,match,not_applicable
HIR,HMR,HR,explicit,match,not_applicable
HIR,HPR,HR,explicit,match,not_applicable
HIR,HRS,HR,explicit,match,not_applicable
HIR,HRT,HR,explicit,match,not_applicable
HIR,HRW,HR,explicit,match,not_applicable
HIR,IMR,IR,explicit,match,not_applicable
HIR,IPR,IR,explicit,match,not_applicable
HIR,IRS,IR,explicit,match,not_applicable
HIR,IRT,IR,explicit,match,not_applicable
HIR,IRW,IR,explicit,match,not_applicable
HIS,HIT,HI,explicit,match,not_applicable
HIS,HIW,HI,explicit,match,not_applicable
HIS,HMS,HS,current,match,not_defined_in_source
HIS,HPS,HS,current,match,not_defined_in_source
HIS,HRS,HS,current,match,not_defined_in_source
HIS,HST,HS,current,match,not_defined_in_source
HIS,HSW,HS,current,match,not_defined_in_source
HIS,IMS,IS,current,match,not_defined_in_source
HIS,IPS,IS,current,match,not_defined_in_source
HIS,IRS,IS,current,match,not_defined_in_source
HIS,IST,IS,current,match,not_defined_in_source
HIS,ISW,IS,current,match,not_defined_in_source
HIT,HIW,HI,explicit,match,not_applicable
HIT,HMT,HT,explicit,match,not_applicable
HIT,HPT,HT,explicit,match,not_applicable
HIT,HRT,HT,explicit,match,not_applicable
HIT,HST,HT,explicit,match,not_applicable
HIT,HTW,HT,explicit,match,not_applicable
HIT,IMT,IT,explicit,match,not_applicable
HIT,IPT,IT,explicit,match,not_applicable
HIT,IRT,IT,explicit,match,not_applicable
HIT,IST,IT,explicit,match,not_applicable
HIT,ITW,IT,explicit,match,not_applicable
HIW,HMW,HW,explicit,match,not_applicable
HIW,HPW,HW,explicit,match,not_applicable
HIW,HRW,HW,explicit,match,not_applicable
HIW,HSW,HW,explicit,match,not_applicable
HIW,HTW,HW,explicit,match,not_applicable
HIW,IMW,IW,explicit,match,not_applicable
HIW,IPW,IW,explicit,match,not_applicable
HIW,IRW,IW,explicit,match,not_applicable
HIW,ISW,IW,explicit,match,not_applicable
HIW,ITW,IW,explicit,match,not_applicable
HMP,HMR,HM,current,match,not_defined_in_source
HMP,HMS,HM,current,match,not_defined_in_source
HMP,HMT,HM,current,match,not_defined_in_source
HMP,HMW,HM,current,match,not_defined_in_source
HMP,HPR,HP,explicit,match,not_applicable
HMP,HPS,HP,explicit,match,not_applicable
HMP,HPT,HP,explicit,match,not_applicable
HMP,HPW,HP,explicit,match,not_applicable
HMP,IMP,MP,current,match,not_defined_in_source
HMP,MPR,MP,current,match,not_defined_in_source
HMP,MPS,MP,current,match,not_defined_in_source
HMP,MPT,MP,current,match,not_defined_in_source
HMP,MPW,MP,current,match,not_defined_in_source
HMR,HMS,HM,current,match,not_defined_in_source
HMR,HMT,HM,current,match,not_defined_in_source
HMR,HMW,HM,current,match,not_defined_in_source
HMR,HPR,HR,explicit,match,not_applicable
HMR,HRS,HR,explicit,match,not_applicable
HMR,HRT,HR,explicit,match,not_applicable
HMR,HRW,HR,explicit,match,not_applicable
HMR,IMR,MR,current,match,not_defined_in_source
HMR,MPR,MR,current,match,not_defined_in_source
HMR,MRS,MR,current,match,not_defined_in_source
HMR,MRT,MR,current,match,not_defined_in_source
HMR,MRW,MR,current,match,not_defined_in_source
HMS,HMT,HM,current,match,not_defined_in_source
HMS,HMW,HM,current,match,not_defined_in_source
HMS,HPS,HS,current,match,not_defined_in_source
HMS,HRS,HS,current,match,not_defined_in_source
HMS,HST,HS,current,match,not_defined_in_source
HMS,HSW,HS,current,match,not_defined_in_source
HMS,IMS,MS,current,match,not_defined_in_source
HMS,MPS,MS,current,match,not_defined_in_source
HMS,MRS,MS,current,match,not_defined_in_source
HMS,MST,MS,current,match,not_defined_in_source
HMS,MSW,MS,current,match,not_defined_in_source
HMT,HMW,HM,current,match,not_defined_in_source
HMT,HPT,HT,explicit,match,not_applicable
HMT,HRT,HT,explicit,match,not_applicable
HMT,HST,HT,explicit,match,not_applicable
HMT,HTW,HT,explicit,match,not_applicable
HMT,IMT,MT,current,match,not_defined_in_source
HMT,MPT,MT,current,match,not_defined_in_source
HMT,MRT,MT,current,match,not_defined_in_source
HMT,MST,MT,current,match,not_defined_in_source
HMT,MTW,MT,current,match,not_defined_in_source
HMW,HPW,HW,explicit,match,not_applicable
HMW,HRW,HW,explicit,match,not_applicable
HMW,HSW,HW,explicit,match,not_applicable
HMW,HTW,HW,explicit,match,not_applicable
HMW,IMW,MW,current,match,not_defined_in_source
HMW,MPW,MW,current,match,not_defined_in_source
HMW,MRW,MW,current,match,not_defined_in_source
HMW,MSW,MW,current,match,not_defined_in_source
HMW,MTW,MW,current,match,not_defined_in_source
HPR,HPS,HP,explicit,match,not_applicable
HPR,HPT,HP,explicit,match,not_applicable
HPR,HPW,HP,explicit,match,not_applicable
HPR,HRS,HR,explicit,match,not_applicable
HPR,HRT,HR,explicit,match,not_applicable
HPR,HRW,HR,explicit,match,not_applicable
HPR,IPR,PR,explicit,match,not_applicable
HPR,MPR,PR,explicit,match,not_applicable
HPR,PRS,PR,explicit,match,not_applicable
HPR,PRT,PR,explicit,match,not_applicable
HPR,PRW,PR,explicit,match,not_applicable
HPS,HPT,HP,explicit,match,not_applicable
HPS,HPW,HP,explicit,match,not_applicable
HPS,HRS,HS,current,match,not_defined_in_source
HPS,HST,HS,current,match,not_defined_in_source
HPS,HSW,HS,current,match,not_defined_in_source
HPS,IPS,PS,current,match,not_defined_in_source
HPS,MPS,PS,current,match,not_defined_in_source
HPS,PRS,PS,current,match,not_defined_in_source
HPS,PST,PS,current,match,not_defined_in_source
HPS,PSW,PS,current,match,not_defined_in_source
HPT,HPW,HP,explicit,match,not_applicable
HPT,HRT,HT,explicit,match,not_applicable
HPT,HST,HT,explicit,match,not_applicable
HPT,HTW,HT,explicit,match,not_applicable
HPT,IPT,PT,explicit,match,not_applicable
HPT,MPT,PT,explicit,match,not_applicable
HPT,PRT,PT,explicit,match,not_applicable
HPT,PST,PT,explicit,match,not_applicable
HPT,PTW,PT,explicit,match,not_applicable
HPW,HRW,HW,explicit,match,not_applicable
HPW,HSW,HW,explicit,match,not_applicable
HPW,HTW,HW,explicit,match,not_applicable
HPW,IPW,PW,explicit,match,not_applicable
HPW,MPW,PW,explicit,match,not_applicable
HPW,PRW,PW,explicit,match,not_applicable
HPW,PSW,PW,explicit,match,not_applicable
HPW,PTW,PW,explicit,match,not_applicable
HRS,HRT,HR,explicit,match,not_applicable
HRS,HRW,HR,explicit,match,not_applicable
HRS,HST,HS,current,match,not_defined_in_source
HRS,HSW,HS,current,match,not_defined_in_source
HRS,IRS,RS,current,match,not_defined_in_source
HRS,MRS,RS,current,match,not_defined_in_source
HRS,PRS,RS,current,match,not_defined_in_source
HRS,RST,RS,current,match,not_defined_in_source
HRS,RSW,RS,current,match,not_defined_in_source
HRT,HRW,HR,explicit,match,not_applicable
HRT,HST,HT,explicit,match,not_applicable
HRT,HTW,HT,explicit,match,not_applicable
HRT,IRT,RT,explicit,match,not_applicable
HRT,MRT,RT,explicit,match,not_applicable
HRT,PRT,RT,explicit,match,not_applicable
HRT,RST,RT,explicit,match,not_applicable
HRT,RTW,RT,explicit,match,not_applicable
HRW,HSW,HW,explicit,match,not_applicable
HRW,HTW,HW,explicit,match,not_applicable
HRW,IRW,RW,explicit,match,not_applicable
HRW,MRW,RW,explicit,match,not_applicable
HRW,PRW,RW,explicit,match,not_applicable
HRW,RSW,RW,explicit,match,not_applicable
HRW,RTW,RW,explicit,match,not_applicable
HST,HSW,HS,current,match,not_defined_in_source
HST,HTW,HT,explicit,match,not_applicable
HST,IST,ST,current,match,not_defined_in_source
HST,MST,ST,current,match,not_defined_in_source
HST,PST,ST,current,match,not_defined_in_source
HST,RST,ST,current,match,not_defined_in_source
HST,STW,ST,current,match,not_defined_in_source
HSW,HTW,HW,explicit,match,not_applicable
HSW,ISW,SW,current,match,not_defined_in_source
HSW,MSW,SW,current,match,not_defined_in_source
HSW,PSW,SW,current,match,not_defined_in_source
HSW,RSW,SW,current,match,not_defined_in_source
HSW,STW,SW,current,match,not_defined_in_source
HTW,ITW,TW,explicit,match,not_applicable
HTW,MTW,TW,explicit,match,not_applicable
HTW,PTW,TW,explicit,match,not_applicable
HTW,RTW,TW,explicit,match,not_applicable
HTW,STW,TW,explicit,match,not_applicable
IMP,IMR,IM,current,match,not_defined_in_source
IMP,IMS,IM,current,match,not_defined_in_source
IMP,IMT,IM,current,match,not_defined_in_source
IMP,IMW,IM,current,match,not_defined_in_source
IMP,IPR,IP,explicit,match,not_applicable
IMP,IPS,IP,explicit,match,not_applicable
IMP,IPT,IP,explicit,match,not_applicable
IMP,IPW,IP,explicit,match,not_applicable
IMP,MPR,MP,current,match,not_defined_in_source
IMP,MPS,MP,current,match,not_defined_in_source
IMP,MPT,MP,current,match,not_defined_in_source
IMP,MPW,MP,current,match,not_defined_in_source
IMR,IMS,IM,current,match,not_defined_in_source
IMR,IMT,IM,current,match,not_defined_in_source
IMR,IMW,IM,current,match,not_defined_in_source
IMR,IPR,IR,explicit,match,not_applicable
IMR,IRS,IR,explicit,match,not_applicable
IMR,IRT,IR,explicit,match,not_applicable
IMR,IRW,IR,explicit,match,not_applicable
IMR,MPR,MR,current,match,not_defined_in_source
IMR,MRS,MR,current,match,not_defined_in_source
IMR,MRT,MR,current,match,not_defined_in_source
IMR,MRW,MR,current,match,not_defined_in_source
IMS,IMT,IM,current,match,not_defined_in_source
IMS,IMW,IM,current,match,not_defined_in_source
IMS,IPS,IS,current,match,not_defined_in_source
IMS,IRS,IS,current,match,not_defined_in_source
IMS,IST,IS,current,match,not_defined_in_source
IMS,ISW,IS,current,match,not_defined_in_source
IMS,MPS,MS,current,match,not_defined_in_source
IMS,MRS,MS,current,match,not_defined_in_source
IMS,MST,MS,current,match,not_defined_in_source
IMS,MSW,MS,current,match,not_defined_in_source
IMT,IMW,IM,current,match,not_defined_in_source
IMT,IPT,IT,explicit,match,not_applicable
IMT,IRT,IT,explicit,match,not_applicable
IMT,IST,IT,explicit,match,not_applicable
IMT,ITW,IT,explicit,match,not_applicable
IMT,MPT,MT,current,match,not_defined_in_source
IMT,MRT,MT,current,match,not_defined_in_source
IMT,MST,MT,current,match,not_defined_in_source
IMT,MTW,MT,current,match,not_defined_in_source
IMW,IPW,IW,explicit,match,not_applicable
IMW,IRW,IW,explicit,match,not_applicable
IMW,ISW,IW,explicit,match,not_applicable
IMW,ITW,IW,explicit,match,not_applicable
IMW,MPW,MW,current,match,not_defined_in_source
IMW,MRW,MW,current,match,not_defined_in_source
IMW,MSW,MW,current,match,not_defined_in_source
IMW,MTW,MW,current,match,not_defined_in_source
IPR,IPS,IP,explicit,match,not_applicable
IPR,IPT,IP,explicit,match,not_applicable
IPR,IPW,IP,explicit,match,not_applicable
IPR,IRS,IR,explicit,match,not_applicable
IPR,IRT,IR,explicit,match,not_applicable
IPR,IRW,IR,explicit,match,not_applicable
IPR,MPR,PR,explicit,match,not_applicable
IPR,PRS,PR,explicit,match,not_applicable
IPR,PRT,PR,explicit,match,not_applicable
IPR,PRW,PR,explicit,match,not_applicable
IPS,IPT,IP,explicit,match,not_applicable
IPS,IPW,IP,explicit,match,not_applicable
IPS,IRS,IS,current,match,not_defined_in_source
IPS,IST,IS,current,match,not_defined_in_source
IPS,ISW,IS,current,match,not_defined_in_source
IPS,MPS,PS,current,match,not_defined_in_source
IPS,PRS,PS,current,match,not_defined_in_source
IPS,PST,PS,current,match,not_defined_in_source
IPS,PSW,PS,current,match,not_defined_in_source
IPT,IPW,IP,explicit,match,not_applicable
IPT,IRT,IT,explicit,match,not_applicable
IPT,IST,IT,explicit,match,not_applicable
IPT,ITW,IT,explicit,match,not_applicable
IPT,MPT,PT,explicit,match,not_applicable
IPT,PRT,PT,explicit,match,not_applicable
IPT,PST,PT,explicit,match,not_applicable
IPT,PTW,PT,explicit,match,not_applicable
IPW,IRW,IW,explicit,match,not_applicable
IPW,ISW,IW,explicit,match,not_applicable
IPW,ITW,IW,explicit,match,not_applicable
IPW,MPW,PW,explicit,match,not_applicable
IPW,PRW,PW,explicit,match,not_applicable
IPW,PSW,PW,explicit,match,not_applicable
IPW,PTW,PW,explicit,match,not_applicable
IRS,IRT,IR,explicit,match,not_applicable
IRS,IRW,IR,explicit,match,not_applicable
IRS,IST,IS,current,match,not_defined_in_source
IRS,ISW,IS,current,match,not_defined_in_source
IRS,MRS,RS,current,match,not_defined_in_source
IRS,PRS,RS,current,match,not_defined_in_source
IRS,RST,RS,current,match,not_defined_in_source
IRS,RSW,RS,current,match,not_defined_in_source
IRT,IRW,IR,explicit,match,not_applicable
IRT,IST,IT,explicit,match,not_applicable
IRT,ITW,IT,explicit,match,not_applicable
IRT,MRT,RT,explicit,match,not_applicable
IRT,PRT,RT,explicit,match,not_applicable
IRT,RST,RT,explicit,match,not_applicable
IRT,RTW,RT,explicit,match,not_applicable
IRW,ISW,IW,explicit,match,not_applicable
IRW,ITW,IW,explicit,match,not_applicable
IRW,MRW,RW,explicit,match,not_applicable
IRW,PRW,RW,explicit,match,not_applicable
IRW,RSW,RW,explicit,match,not_applicable
IRW,RTW,RW,explicit,match,not_applicable
IST,ISW,IS,current,match,not_defined_in_source
IST,ITW,IT,explicit,match,not_applicable
IST,MST,ST,current,match,not_defined_in_source
IST,PST,ST,current,match,not_defined_in_source
IST,RST,ST,current,match,not_defined_in_source
IST,STW,ST,current,match,not_defined_in_source
ISW,ITW,IW,explicit,match,not_applicable
ISW,MSW,SW,current,match,not_defined_in_source
ISW,PSW,SW,current,match,not_defined_in_source
ISW,RSW,SW,current,match,not_defined_in_source
ISW,STW,SW,current,match,not_defined_in_source
ITW,MTW,TW,explicit,match,not_applicable
ITW,PTW,TW,explicit,match,not_applicable
ITW,RTW,TW,explicit,match,not_applicable
ITW,STW,TW,explicit,match,not_applicable
MPR,MPS,MP,current,match,not_defined_in_source
MPR,MPT,MP,current,match,not_defined_in_source
MPR,MPW,MP,current,match,not_defined_in_source
MPR,MRS,MR,current,match,not_defined_in_source
MPR,MRT,MR,current,match,not_defined_in_source
MPR,MRW,MR,current,match,not_defined_in_source
MPR,PRS,PR,explicit,match,not_applicable
MPR,PRT,PR,explicit,match,not_applicable
MPR,PRW,PR,explicit,match,not_applicable
MPS,MPT,MP,current,match,not_defined_in_source
MPS,MPW,MP,current,match,not_defined_in_source
MPS,MRS,MS,current,match,not_defined_in_source
MPS,MST,MS,current,match,not_defined_in_source
MPS,MSW,MS,current,match,not_defined_in_source
MPS,PRS,PS,current,match,not_defined_in_source
MPS,PST,PS,current,match,not_defined_in_source
MPS,PSW,PS,current,match,not_defined_in_source
MPT,MPW,MP,current,match,not_defined_in_source
MPT,MRT,MT,current,match,not_defined_in_source
MPT,MST,MT,current,match,not_defined_in_source
MPT,MTW,MT,current,match,not_defined_in_source
MPT,PRT,PT,explicit,match,not_applicable
MPT,PST,PT,explicit,match,not_applicable
MPT,PTW,PT,explicit,match,not_applicable
MPW,MRW,MW,current,match,not_defined_in_source
MPW,MSW,MW,current,match,not_defined_in_source
MPW,MTW,MW,current,match,not_defined_in_source
MPW,PRW,PW,explicit,match,not_applicable
MPW,PSW,PW,explicit,match,not_applicable
MPW,PTW,PW,explicit,match,not_applicable
MRS,MRT,MR,current,match,not_defined_in_source
MRS,MRW,MR,current,match,not_defined_in_source
MRS,MST,MS,current,match,not_defined_in_source
MRS,MSW,MS,current,match,not_defined_in_source
MRS,PRS,RS,current,match,not_defined_in_source
MRS,RST,RS,current,match,not_defined_in_source
MRS,RSW,RS,current,match,not_defined_in_source
MRT,MRW,MR,current,match,not_defined_in_source
MRT,MST,MT,current,match,not_defined_in_source
MRT,MTW,MT,current,match,not_defined_in_source
MRT,PRT,RT,explicit,match,not_applicable
MRT,RST,RT,explicit,match,not_applicable
MRT,RTW,RT,explicit,match,not_applicable
MRW,MSW,MW,current,match,not_defined_in_source
MRW,MTW,MW,current,match,not_defined_in_source
MRW,PRW,RW,explicit,match,not_applicable
MRW,RSW,RW,explicit,match,not_applicable
MRW,RTW,RW,explicit,match,not_applicable
MST,MSW,MS,current,match,not_defined_in_source
MST,MTW,MT,current,match,not_defined_in_source
MST,PST,ST,current,match,not_defined_in_source
MST,RST,ST,current,match,not_defined_in_source
MST,STW,ST,current,match,not_defined_in_source
MSW,MTW,MW,current,match,not_defined_in_source
MSW,PSW,SW,current,match,not_defined_in_source
MSW,RSW,SW,current,match,not_defined_in_source
MSW,STW,SW,current,match,not_defined_in_source
MTW,PTW,TW,explicit,match,not_applicable
MTW,RTW,TW,explicit,match,not_applicable
MTW,STW,TW,explicit,match,not_applicable
PRS,PRT,PR,explicit,match,not_applicable
PRS,PRW,PR,explicit,match,not_applicable
PRS,PST,PS,current,match,not_defined_in_source
PRS,PSW,PS,current,match,not_defined_in_source
PRS,RST,RS,current,match,not_defined_in_source
PRS,RSW,RS,current,match,not_defined_in_source
PRT,PRW,PR,explicit,match,not_applicable
PRT,PST,PT,explicit,match,not_applicable
PRT,PTW,PT,explicit,match,not_applicable
PRT,RST,RT,explicit,match,not_applicable
PRT,RTW,RT,explicit,match,not_applicable
PRW,PSW,PW,explicit,match,not_applicable
PRW,PTW,PW,explicit,match,not_applicable
PRW,RSW,RW,explicit,match,not_applicable
PRW,RTW,RW,explicit,match,not_applicable
PST,PSW,PS,current,match,not_defined_in_source
PST,PTW,PT,explicit,match,not_applicable
PST,RST,ST,current,match,not_defined_in_source
PST,STW,ST,current,match,not_defined_in_source
PSW,PTW,PW,explicit,match,not_applicable
PSW,RSW,SW,current,match,not_defined_in_source
PSW,STW,SW,current,match,not_defined_in_source
PTW,RTW,TW,explicit,match,not_applicable
PTW,STW,TW,explicit,match,not_applicable
RST,RSW,RS,current,match,not_defined_in_source
RST,RTW,RT,explicit,match,not_applicable
RST,STW,ST,current,match,not_defined_in_source
RSW,RTW,RW,explicit,match,not_applicable
RSW,STW,SW,current,match,not_defined_in_source
RTW,STW,TW,explicit,match,not_applicable
